total_accuracy,f1_whisper,recall_whisper,clf_label,total_samples,positives,negatives,total_features,test_size_ratio,folds,kfold_repeats,sampling_repeats,n_mfcc_amount,model_name,model_info
0.8786805555555557,0.8905222555222554,0.9524999999999999,whisper,54,27,27,26,0.2,5,5,5,20,Sequential,model_layers=5,experiment_5_date_2019-09-18
0.7180555555555556,0.7231746725496726,0.750625,whisper,54,27,27,26,0.2,5,5,5,20,Id3Estimator,None,experiment_5_date_2019-09-18
0.7112847222222223,0.7395134032634033,0.838125,whisper,54,27,27,26,0.2,5,5,5,20,KNeighborsClassifier,None,experiment_5_date_2019-09-18
0.712951388888889,0.7317343073593073,0.783125,whisper,54,27,27,26,0.2,5,5,5,20,SVC,None,experiment_5_date_2019-09-18
0.5337847222222222,0.21030802530802528,0.271875,whisper,54,27,27,26,0.2,5,5,5,20,SVC,None,experiment_5_date_2019-09-18
0.7557638888888889,0.7649754412254413,0.8162499999999999,whisper,54,27,27,26,0.2,5,5,5,20,GaussianProcessClassifier,None,experiment_5_date_2019-09-18
0.7467013888888889,0.7535463841713842,0.786875,whisper,54,27,27,26,0.2,5,5,5,20,DecisionTreeClassifier,None,experiment_5_date_2019-09-18
0.7714930555555557,0.7517938311688311,0.7375,whisper,54,27,27,26,0.2,5,5,5,20,RandomForestClassifier,None,experiment_5_date_2019-09-18
0.7566319444444445,0.7648806055056055,0.8012499999999999,whisper,54,27,27,26,0.2,5,5,5,20,GaussianNB,None,experiment_5_date_2019-09-18
0.7347222222222223,0.7335508935508935,0.764375,whisper,54,27,27,26,0.2,5,5,5,20,AdaBoostClassifier,None,experiment_5_date_2019-09-18
0.7773958333333333,0.7789502164502166,0.7962499999999999,whisper,54,27,27,26,0.2,5,5,5,20,MLPClassifier,None,experiment_5_date_2019-09-18
0.5454545454545454,0.7058823529411764,1.0,whisper,54,27,27,21,0.2,5,5,5,15,Sequential,model_layers=5
0.8134374999999999,0.8068253968253969,0.811875,whisper,54,27,27,21,0.2,5,5,5,15,Sequential,model_layers=5,experiment_5_date_2019-09-18
0.8882986111111111,0.896061507936508,0.9393750000000001,whisper,54,27,27,26,0.2,5,5,5,20,Sequential,model_layers=5,experiment_5_date_2019-09-18
0.7295138888888888,0.7382806082806084,0.7662499999999999,whisper,54,27,27,26,0.2,5,5,5,20,Id3Estimator,None,experiment_5_date_2019-09-18
0.7446875,0.7735676823176822,0.880625,whisper,54,27,27,26,0.2,5,5,5,20,KNeighborsClassifier,None,experiment_5_date_2019-09-18
0.7065972222222223,0.727504786879787,0.815625,whisper,54,27,27,26,0.2,5,5,5,20,SVC,None,experiment_5_date_2019-09-18
0.5097222222222222,0.35799908424908417,0.508125,whisper,54,27,27,26,0.2,5,5,5,20,SVC,None,experiment_5_date_2019-09-18
0.8460069444444445,0.8445806277056276,0.8524999999999999,whisper,54,27,27,26,0.2,5,5,5,20,GaussianProcessClassifier,None,experiment_5_date_2019-09-18
0.6967013888888889,0.6866052003552003,0.7162499999999999,whisper,54,27,27,26,0.2,5,5,5,20,DecisionTreeClassifier,None,experiment_5_date_2019-09-18
0.7477430555555555,0.7147718253968254,0.6975,whisper,54,27,27,26,0.2,5,5,5,20,RandomForestClassifier,None,experiment_5_date_2019-09-18
0.7854861111111111,0.7787779581529581,0.7899999999999999,whisper,54,27,27,26,0.2,5,5,5,20,GaussianNB,None,experiment_5_date_2019-09-18
0.7890625,0.7707654845154845,0.7843749999999999,whisper,54,27,27,26,0.2,5,5,5,20,AdaBoostClassifier,None,experiment_5_date_2019-09-18
0.7997916666666667,0.798166971916972,0.819375,whisper,54,27,27,26,0.2,5,5,5,20,MLPClassifier,None,experiment_5_date_2019-09-18
0.7915277777777777,0.7654888167388167,0.72375,whisper,54,27,27,21,0.2,5,5,5,15,Sequential,model_layers=5,experiment_5_date_2019-09-18
0.9227083333333335,0.9242866161616161,0.9481249999999999,whisper,54,27,27,26,0.2,5,5,5,20,Sequential,model_layers=5,experiment_1_date_2019-09-18
0.8946527777777777,0.9009604978354979,0.936875,whisper,54,27,27,26,0.2,5,5,5,20,Sequential,model_layers=5,experiment_1_date_2019-09-18
0.9113541666666668,0.9142424242424242,0.9450000000000001,whisper,54,27,27,26,0.2,5,5,5,20,Sequential,model_layers=5,experiment_1_date_2019-09-18
0.8937152777777777,0.9039871933621935,0.963125,whisper,54,27,27,26,0.2,5,5,5,20,Sequential,model_layers=5,experiment_1_date_2019-09-18
0.8808333333333334,0.8901660145410146,0.9425,whisper,54,27,27,26,0.2,5,5,5,20,Sequential,model_layers=5,experiment_1_date_2019-09-18
0.7171875000000001,0.6946212121212122,0.713125,whisper,54,27,27,26,0.2,5,5,5,20,Id3Estimator,None,experiment_1_date_2019-09-18
0.6848263888888889,0.6758919552669553,0.6793750000000001,whisper,54,27,27,26,0.2,5,5,5,20,Id3Estimator,None,experiment_1_date_2019-09-18
0.7414583333333332,0.7518115218115218,0.794375,whisper,54,27,27,26,0.2,5,5,5,20,Id3Estimator,None,experiment_1_date_2019-09-18
0.6645833333333333,0.6493109668109669,0.674375,whisper,54,27,27,26,0.2,5,5,5,20,Id3Estimator,None,experiment_1_date_2019-09-18
0.6388888888888888,0.6344751082251082,0.6693749999999999,whisper,54,27,27,26,0.2,5,5,5,20,Id3Estimator,None,experiment_1_date_2019-09-18
0.7422916666666666,0.7763539932289931,0.885,whisper,54,27,27,26,0.2,5,5,5,20,KNeighborsClassifier,None,experiment_1_date_2019-09-18
0.7056250000000001,0.730473692973693,0.8,whisper,54,27,27,26,0.2,5,5,5,20,KNeighborsClassifier,None,experiment_1_date_2019-09-18
0.7160069444444443,0.7561720917970918,0.8949999999999999,whisper,54,27,27,26,0.2,5,5,5,20,KNeighborsClassifier,None,experiment_1_date_2019-09-18
0.7585763888888888,0.7678751803751804,0.8231249999999999,whisper,54,27,27,26,0.2,5,5,5,20,KNeighborsClassifier,None,experiment_1_date_2019-09-18
0.7414236111111112,0.7824738455988456,0.9024999999999999,whisper,54,27,27,26,0.2,5,5,5,20,KNeighborsClassifier,None,experiment_1_date_2019-09-18
0.8074652777777779,0.8180853174603175,0.865,whisper,54,27,27,26,0.2,5,5,5,20,SVC,None,experiment_1_date_2019-09-18
0.7333680555555555,0.7555873293373293,0.826875,whisper,54,27,27,26,0.2,5,5,5,20,SVC,None,experiment_1_date_2019-09-18
0.7579166666666667,0.7607788045288045,0.798125,whisper,54,27,27,26,0.2,5,5,5,20,SVC,None,experiment_1_date_2019-09-18
0.7648958333333333,0.7871075452325452,0.8875000000000001,whisper,54,27,27,26,0.2,5,5,5,20,SVC,None,experiment_1_date_2019-09-18
0.7342013888888889,0.7590517815517815,0.835,whisper,54,27,27,26,0.2,5,5,5,20,SVC,None,experiment_1_date_2019-09-18
0.5263888888888888,0.3473214285714285,0.46312500000000006,whisper,54,27,27,26,0.2,5,5,5,20,SVC,None,experiment_1_date_2019-09-18
0.5240277777777778,0.3615040515040515,0.505,whisper,54,27,27,26,0.2,5,5,5,20,SVC,None,experiment_1_date_2019-09-18
0.5203125,0.38832521645021645,0.555,whisper,54,27,27,26,0.2,5,5,5,20,SVC,None,experiment_1_date_2019-09-18
0.5097222222222222,0.22703296703296702,0.32625000000000004,whisper,54,27,27,26,0.2,5,5,5,20,SVC,None,experiment_1_date_2019-09-18
0.5097222222222222,0.328003663003663,0.46187500000000004,whisper,54,27,27,26,0.2,5,5,5,20,SVC,None,experiment_1_date_2019-09-18
0.7816319444444444,0.7907187950937951,0.84625,whisper,54,27,27,26,0.2,5,5,5,20,GaussianProcessClassifier,None,experiment_1_date_2019-09-18
0.7800694444444445,0.795481671106671,0.865,whisper,54,27,27,26,0.2,5,5,5,20,GaussianProcessClassifier,None,experiment_1_date_2019-09-18
0.779513888888889,0.7921968309468308,0.84625,whisper,54,27,27,26,0.2,5,5,5,20,GaussianProcessClassifier,None,experiment_1_date_2019-09-18
0.8291666666666667,0.8350221306471306,0.86625,whisper,54,27,27,26,0.2,5,5,5,20,GaussianProcessClassifier,None,experiment_1_date_2019-09-18
0.7575694444444445,0.7792672605172605,0.83875,whisper,54,27,27,26,0.2,5,5,5,20,GaussianProcessClassifier,None,experiment_1_date_2019-09-18
0.7195138888888889,0.7203643578643578,0.739375,whisper,54,27,27,26,0.2,5,5,5,20,DecisionTreeClassifier,None,experiment_1_date_2019-09-18
0.6957638888888888,0.6981985375735376,0.7275,whisper,54,27,27,26,0.2,5,5,5,20,DecisionTreeClassifier,None,experiment_1_date_2019-09-18
0.7011458333333334,0.6987640831390831,0.7237500000000001,whisper,54,27,27,26,0.2,5,5,5,20,DecisionTreeClassifier,None,experiment_1_date_2019-09-18
0.7228124999999999,0.7235038572538574,0.748125,whisper,54,27,27,26,0.2,5,5,5,20,DecisionTreeClassifier,None,experiment_1_date_2019-09-18
0.7118055555555555,0.7087898906648907,0.7281249999999999,whisper,54,27,27,26,0.2,5,5,5,20,DecisionTreeClassifier,None,experiment_1_date_2019-09-18
0.7405555555555555,0.7016603535353536,0.6774999999999999,whisper,54,27,27,26,0.2,5,5,5,20,RandomForestClassifier,None,experiment_1_date_2019-09-18
0.7259027777777778,0.70565386002886,0.6799999999999999,whisper,54,27,27,26,0.2,5,5,5,20,RandomForestClassifier,None,experiment_1_date_2019-09-18
0.7315972222222222,0.7011489898989899,0.681875,whisper,54,27,27,26,0.2,5,5,5,20,RandomForestClassifier,None,experiment_1_date_2019-09-18
0.7439930555555556,0.7150775613275614,0.7024999999999999,whisper,54,27,27,26,0.2,5,5,5,20,RandomForestClassifier,None,experiment_1_date_2019-09-18
0.7259027777777778,0.7006980519480519,0.67375,whisper,54,27,27,26,0.2,5,5,5,20,RandomForestClassifier,None,experiment_1_date_2019-09-18
0.7682291666666667,0.7589366883116884,0.7793749999999999,whisper,54,27,27,26,0.2,5,5,5,20,GaussianNB,None,experiment_1_date_2019-09-18
0.7814236111111111,0.7814024170274171,0.8018749999999999,whisper,54,27,27,26,0.2,5,5,5,20,GaussianNB,None,experiment_1_date_2019-09-18
0.763125,0.765753552003552,0.788125,whisper,54,27,27,26,0.2,5,5,5,20,GaussianNB,None,experiment_1_date_2019-09-18
0.7727083333333333,0.7793624431124432,0.8006249999999999,whisper,54,27,27,26,0.2,5,5,5,20,GaussianNB,None,experiment_1_date_2019-09-18
0.7548263888888889,0.7567266761016761,0.7925,whisper,54,27,27,26,0.2,5,5,5,20,GaussianNB,None,experiment_1_date_2019-09-18
0.7547222222222222,0.759087370962371,0.78375,whisper,54,27,27,26,0.2,5,5,5,20,AdaBoostClassifier,None,experiment_1_date_2019-09-18
0.7796527777777778,0.7698579892329892,0.7762499999999999,whisper,54,27,27,26,0.2,5,5,5,20,AdaBoostClassifier,None,experiment_1_date_2019-09-18
0.7615972222222224,0.7579863192363192,0.7818749999999999,whisper,54,27,27,26,0.2,5,5,5,20,AdaBoostClassifier,None,experiment_1_date_2019-09-18
0.7330555555555556,0.7300379481629482,0.7481249999999999,whisper,54,27,27,26,0.2,5,5,5,20,AdaBoostClassifier,None,experiment_1_date_2019-09-18
0.7288888888888889,0.7329081335331333,0.7775,whisper,54,27,27,26,0.2,5,5,5,20,AdaBoostClassifier,None,experiment_1_date_2019-09-18
0.8139930555555556,0.8098710317460317,0.8356249999999998,whisper,54,27,27,26,0.2,5,5,5,20,MLPClassifier,None,experiment_1_date_2019-09-18
0.7681250000000001,0.7762748362748362,0.8174999999999999,whisper,54,27,27,26,0.2,5,5,5,20,MLPClassifier,None,experiment_1_date_2019-09-18
0.7809375,0.787339257964258,0.8206249999999999,whisper,54,27,27,26,0.2,5,5,5,20,MLPClassifier,None,experiment_1_date_2019-09-18
0.774826388888889,0.783943487068487,0.816875,whisper,54,27,27,26,0.2,5,5,5,20,MLPClassifier,None,experiment_1_date_2019-09-18
0.7748611111111111,0.7854996392496392,0.839375,whisper,54,27,27,26,0.2,5,5,5,20,MLPClassifier,None,experiment_1_date_2019-09-18
0.45454545454545453,0.625,1.0,whisper,54,27,27,26,0.2,5,5,5,20,Sequential,model_layers=5
0.8510416666666667,0.867028318903319,0.91875,whisper,54,27,27,26,0.2,5,5,5,20,Sequential,model_layers=5,experiment_1_date_2019-09-19
0.8573611111111112,0.8705830974580975,0.9175,whisper,54,27,27,26,0.2,5,5,5,20,Sequential,model_layers=5,experiment_1_date_2019-09-19
0.8343055555555555,0.8512203074703075,0.911875,whisper,54,27,27,26,0.2,5,5,5,20,Sequential,model_layers=5,experiment_1_date_2019-09-19
0.8780208333333333,0.889905858030858,0.9318749999999999,whisper,54,27,27,26,0.2,5,5,5,20,Sequential,model_layers=5,experiment_1_date_2019-09-19
0.8789236111111112,0.8908991702741703,0.9493750000000001,whisper,54,27,27,26,0.2,5,5,5,20,Sequential,model_layers=5,experiment_1_date_2019-09-19
0.6094097222222222,0.6159410728160728,0.643125,whisper,54,27,27,26,0.2,5,5,5,20,Id3Estimator,None,experiment_1_date_2019-09-19
0.6434375000000001,0.6456715506715507,0.6718749999999999,whisper,54,27,27,26,0.2,5,5,5,20,Id3Estimator,None,experiment_1_date_2019-09-19
0.6054166666666667,0.593957917082917,0.624375,whisper,54,27,27,26,0.2,5,5,5,20,Id3Estimator,None,experiment_1_date_2019-09-19
0.6119097222222222,0.6175636169386169,0.653125,whisper,54,27,27,26,0.2,5,5,5,20,Id3Estimator,None,experiment_1_date_2019-09-19
0.630625,0.6327308802308802,0.66125,whisper,54,27,27,26,0.2,5,5,5,20,Id3Estimator,None,experiment_1_date_2019-09-19
0.6669791666666667,0.7337552031302031,0.8968749999999999,whisper,54,27,27,26,0.2,5,5,5,20,KNeighborsClassifier,None,experiment_1_date_2019-09-19
0.672048611111111,0.736276085026085,0.90375,whisper,54,27,27,26,0.2,5,5,5,20,KNeighborsClassifier,None,experiment_1_date_2019-09-19
0.6715972222222223,0.7373233710733711,0.9012499999999999,whisper,54,27,27,26,0.2,5,5,5,20,KNeighborsClassifier,None,experiment_1_date_2019-09-19
0.6944791666666666,0.7524438061938061,0.8975,whisper,54,27,27,26,0.2,5,5,5,20,KNeighborsClassifier,None,experiment_1_date_2019-09-19
0.6381597222222222,0.7156574675324675,0.8781249999999999,whisper,54,27,27,26,0.2,5,5,5,20,KNeighborsClassifier,None,experiment_1_date_2019-09-19
0.7171874999999999,0.7405058136308137,0.8231249999999999,whisper,54,27,27,26,0.2,5,5,5,20,SVC,None,experiment_1_date_2019-09-19
0.7184375000000001,0.749268648018648,0.8331249999999999,whisper,54,27,27,26,0.2,5,5,5,20,SVC,None,experiment_1_date_2019-09-19
0.6982291666666667,0.7364694333444334,0.821875,whisper,54,27,27,26,0.2,5,5,5,20,SVC,None,experiment_1_date_2019-09-19
0.7329166666666668,0.7552412864912864,0.8231250000000001,whisper,54,27,27,26,0.2,5,5,5,20,SVC,None,experiment_1_date_2019-09-19
0.7035069444444444,0.7376966089466089,0.819375,whisper,54,27,27,26,0.2,5,5,5,20,SVC,None,experiment_1_date_2019-09-19
0.5189583333333334,0.631574259074259,0.9125000000000001,whisper,54,27,27,26,0.2,5,5,5,20,SVC,None,experiment_1_date_2019-09-19
0.5480902777777777,0.6893439893439892,0.99,whisper,54,27,27,26,0.2,5,5,5,20,SVC,None,experiment_1_date_2019-09-19
0.5190972222222222,0.6139204545454544,0.8775,whisper,54,27,27,26,0.2,5,5,5,20,SVC,None,experiment_1_date_2019-09-19
0.5114930555555556,0.5902191558441559,0.85,whisper,54,27,27,26,0.2,5,5,5,20,SVC,None,experiment_1_date_2019-09-19
0.5360069444444444,0.6515151515151514,0.9175,whisper,54,27,27,26,0.2,5,5,5,20,SVC,None,experiment_1_date_2019-09-19
0.6908680555555555,0.728932733932734,0.8256249999999999,whisper,54,27,27,26,0.2,5,5,5,20,GaussianProcessClassifier,None,experiment_1_date_2019-09-19
0.6705555555555556,0.724616563991564,0.8425,whisper,54,27,27,26,0.2,5,5,5,20,GaussianProcessClassifier,None,experiment_1_date_2019-09-19
0.7372222222222222,0.7611571067821068,0.8225,whisper,54,27,27,26,0.2,5,5,5,20,GaussianProcessClassifier,None,experiment_1_date_2019-09-19
0.6498611111111111,0.707955377955378,0.840625,whisper,54,27,27,26,0.2,5,5,5,20,GaussianProcessClassifier,None,experiment_1_date_2019-09-19
0.7362500000000001,0.7624256993006993,0.8412499999999999,whisper,54,27,27,26,0.2,5,5,5,20,GaussianProcessClassifier,None,experiment_1_date_2019-09-19
0.6388888888888888,0.6407039488289489,0.6737500000000001,whisper,54,27,27,26,0.2,5,5,5,20,DecisionTreeClassifier,None,experiment_1_date_2019-09-19
0.6235416666666667,0.6223878205128205,0.640625,whisper,54,27,27,26,0.2,5,5,5,20,DecisionTreeClassifier,None,experiment_1_date_2019-09-19
0.631736111111111,0.6350912975912976,0.648125,whisper,54,27,27,26,0.2,5,5,5,20,DecisionTreeClassifier,None,experiment_1_date_2019-09-19
0.6451041666666667,0.6336548867798868,0.6512499999999999,whisper,54,27,27,26,0.2,5,5,5,20,DecisionTreeClassifier,None,experiment_1_date_2019-09-19
0.5784374999999999,0.5839152514152514,0.625,whisper,54,27,27,26,0.2,5,5,5,20,DecisionTreeClassifier,None,experiment_1_date_2019-09-19
0.6275347222222222,0.5975870657120657,0.5974999999999999,whisper,54,27,27,26,0.2,5,5,5,20,RandomForestClassifier,None,experiment_1_date_2019-09-19
0.6932638888888889,0.6709632034632035,0.644375,whisper,54,27,27,26,0.2,5,5,5,20,RandomForestClassifier,None,experiment_1_date_2019-09-19
0.656875,0.6438645382395383,0.648125,whisper,54,27,27,26,0.2,5,5,5,20,RandomForestClassifier,None,experiment_1_date_2019-09-19
0.6394097222222223,0.6128223859473859,0.5918749999999999,whisper,54,27,27,26,0.2,5,5,5,20,RandomForestClassifier,None,experiment_1_date_2019-09-19
0.6744444444444443,0.6529302641802641,0.63625,whisper,54,27,27,26,0.2,5,5,5,20,RandomForestClassifier,None,experiment_1_date_2019-09-19
0.6875347222222222,0.7186268592518593,0.8,whisper,54,27,27,26,0.2,5,5,5,20,GaussianNB,None,experiment_1_date_2019-09-19
0.6805902777777778,0.7089534770784771,0.7818750000000001,whisper,54,27,27,26,0.2,5,5,5,20,GaussianNB,None,experiment_1_date_2019-09-19
0.6461458333333334,0.6646552059052059,0.71625,whisper,54,27,27,26,0.2,5,5,5,20,GaussianNB,None,experiment_1_date_2019-09-19
0.6986111111111111,0.7226689282939283,0.7849999999999999,whisper,54,27,27,26,0.2,5,5,5,20,GaussianNB,None,experiment_1_date_2019-09-19
0.6456944444444445,0.6697777222777223,0.731875,whisper,54,27,27,26,0.2,5,5,5,20,GaussianNB,None,experiment_1_date_2019-09-19
0.649201388888889,0.6603454878454879,0.6875,whisper,54,27,27,26,0.2,5,5,5,20,AdaBoostClassifier,None,experiment_1_date_2019-09-19
0.6802430555555555,0.6971268315018315,0.73875,whisper,54,27,27,26,0.2,5,5,5,20,AdaBoostClassifier,None,experiment_1_date_2019-09-19
0.6935763888888888,0.6980509074259075,0.7425,whisper,54,27,27,26,0.2,5,5,5,20,AdaBoostClassifier,None,experiment_1_date_2019-09-19
0.6522916666666667,0.6628580447330447,0.7156250000000001,whisper,54,27,27,26,0.2,5,5,5,20,AdaBoostClassifier,None,experiment_1_date_2019-09-19
0.6753472222222223,0.6806859113109113,0.70625,whisper,54,27,27,26,0.2,5,5,5,20,AdaBoostClassifier,None,experiment_1_date_2019-09-19
0.7267013888888889,0.7418822843822843,0.794375,whisper,54,27,27,26,0.2,5,5,5,20,MLPClassifier,None,experiment_1_date_2019-09-19
0.6703819444444443,0.6889044982794983,0.75125,whisper,54,27,27,26,0.2,5,5,5,20,MLPClassifier,None,experiment_1_date_2019-09-19
0.7413541666666668,0.760802738927739,0.814375,whisper,54,27,27,26,0.2,5,5,5,20,MLPClassifier,None,experiment_1_date_2019-09-19
0.7525694444444444,0.7742314629814631,0.8275000000000001,whisper,54,27,27,26,0.2,5,5,5,20,MLPClassifier,None,experiment_1_date_2019-09-19
0.7621875,0.774064615939616,0.8175000000000001,whisper,54,27,27,26,0.2,5,5,5,20,MLPClassifier,None,experiment_1_date_2019-09-19
0.45454545454545453,0.625,1.0,whisper,54,27,27,26,0.2,5,5,5,20,Sequential,model_layers=5
0.7330208333333333,0.7493106893106892,0.791875,whisper,54,27,27,7,0.2,5,5,5,1,Sequential,model_layers=5,experiment_2_date_2019-09-19
0.5986805555555555,0.5869864163614164,0.5900000000000001,whisper,54,27,27,7,0.2,5,5,5,1,Id3Estimator,None,experiment_2_date_2019-09-19
0.6625694444444444,0.640079365079365,0.624375,whisper,54,27,27,7,0.2,5,5,5,1,KNeighborsClassifier,None,experiment_2_date_2019-09-19
0.6140277777777777,0.684255328005328,0.84125,whisper,54,27,27,7,0.2,5,5,5,1,SVC,None,experiment_2_date_2019-09-19
0.5729166666666666,0.6174608724608726,0.73,whisper,54,27,27,7,0.2,5,5,5,1,SVC,None,experiment_2_date_2019-09-19
0.6802430555555555,0.6838492063492064,0.70375,whisper,54,27,27,7,0.2,5,5,5,1,GaussianProcessClassifier,None,experiment_2_date_2019-09-19
0.6101736111111111,0.5992334054834054,0.6287499999999999,whisper,54,27,27,7,0.2,5,5,5,1,DecisionTreeClassifier,None,experiment_2_date_2019-09-19
0.6492361111111111,0.6203237734487734,0.5993750000000001,whisper,54,27,27,7,0.2,5,5,5,1,RandomForestClassifier,None,experiment_2_date_2019-09-19
0.645,0.7062266206016206,0.849375,whisper,54,27,27,7,0.2,5,5,5,1,GaussianNB,None,experiment_2_date_2019-09-19
0.6500694444444444,0.6546808053058053,0.67625,whisper,54,27,27,7,0.2,5,5,5,1,AdaBoostClassifier,None,experiment_2_date_2019-09-19
0.6223958333333333,0.6518213730713731,0.726875,whisper,54,27,27,7,0.2,5,5,5,1,MLPClassifier,None,experiment_2_date_2019-09-19
0.8338888888888889,0.8391752691752692,0.8568749999999999,whisper,54,27,27,11,0.2,5,5,5,5,Sequential,model_layers=5,experiment_2_date_2019-09-19
0.6469097222222222,0.6443724331224331,0.6625,whisper,54,27,27,11,0.2,5,5,5,5,Id3Estimator,None,experiment_2_date_2019-09-19
0.7689236111111111,0.777732683982684,0.8025,whisper,54,27,27,11,0.2,5,5,5,5,KNeighborsClassifier,None,experiment_2_date_2019-09-19
0.63125,0.6873257298257297,0.804375,whisper,54,27,27,11,0.2,5,5,5,5,SVC,None,experiment_2_date_2019-09-19
0.7044791666666665,0.78141317016317,1.0,whisper,54,27,27,11,0.2,5,5,5,5,SVC,None,experiment_2_date_2019-09-19
0.7535069444444444,0.7656841075591075,0.799375,whisper,54,27,27,11,0.2,5,5,5,5,GaussianProcessClassifier,None,experiment_2_date_2019-09-19
0.6201041666666667,0.6027414946164945,0.606875,whisper,54,27,27,11,0.2,5,5,5,5,DecisionTreeClassifier,None,experiment_2_date_2019-09-19
0.6497222222222222,0.6012409812409811,0.57875,whisper,54,27,27,11,0.2,5,5,5,5,RandomForestClassifier,None,experiment_2_date_2019-09-19
0.5970138888888888,0.6548723498723499,0.766875,whisper,54,27,27,11,0.2,5,5,5,5,GaussianNB,None,experiment_2_date_2019-09-19
0.7435416666666668,0.7452335858585859,0.76625,whisper,54,27,27,11,0.2,5,5,5,5,AdaBoostClassifier,None,experiment_2_date_2019-09-19
0.7373263888888888,0.7398088023088023,0.7737499999999999,whisper,54,27,27,11,0.2,5,5,5,5,MLPClassifier,None,experiment_2_date_2019-09-19
0.8705555555555555,0.8844580419580419,0.9475,whisper,54,27,27,16,0.2,5,5,5,10,Sequential,model_layers=5,experiment_2_date_2019-09-19
0.6843402777777778,0.6749013486513487,0.694375,whisper,54,27,27,16,0.2,5,5,5,10,Id3Estimator,None,experiment_2_date_2019-09-19
0.7823263888888888,0.8147651653901654,0.918125,whisper,54,27,27,16,0.2,5,5,5,10,KNeighborsClassifier,None,experiment_2_date_2019-09-19
0.6984374999999999,0.7405568736818736,0.866875,whisper,54,27,27,16,0.2,5,5,5,10,SVC,None,experiment_2_date_2019-09-19
0.6778819444444444,0.7661335886335886,1.0,whisper,54,27,27,16,0.2,5,5,5,10,SVC,None,experiment_2_date_2019-09-19
0.7528472222222222,0.7779392829392829,0.84875,whisper,54,27,27,16,0.2,5,5,5,10,GaussianProcessClassifier,None,experiment_2_date_2019-09-19
0.7429861111111111,0.7370306776556776,0.7362500000000001,whisper,54,27,27,16,0.2,5,5,5,10,DecisionTreeClassifier,None,experiment_2_date_2019-09-19
0.7476736111111111,0.7203291847041847,0.6925,whisper,54,27,27,16,0.2,5,5,5,10,RandomForestClassifier,None,experiment_2_date_2019-09-19
0.6774305555555555,0.7174098817848817,0.8043749999999998,whisper,54,27,27,16,0.2,5,5,5,10,GaussianNB,None,experiment_2_date_2019-09-19
0.7270138888888888,0.7228711566211565,0.75,whisper,54,27,27,16,0.2,5,5,5,10,AdaBoostClassifier,None,experiment_2_date_2019-09-19
0.7936111111111112,0.7910155122655123,0.8075,whisper,54,27,27,16,0.2,5,5,5,10,MLPClassifier,None,experiment_2_date_2019-09-19
0.7778819444444445,0.7959412115662116,0.835625,whisper,54,27,27,7,0.2,5,5,5,1,Sequential,model_layers=5,experiment_2_date_2019-09-19
0.5290277777777778,0.5180999555999556,0.52125,whisper,54,27,27,7,0.2,5,5,5,1,Id3Estimator,None,experiment_2_date_2019-09-19
0.686736111111111,0.6460209235209236,0.62375,whisper,54,27,27,7,0.2,5,5,5,1,KNeighborsClassifier,None,experiment_2_date_2019-09-19
0.6318402777777777,0.7058329170829172,0.874375,whisper,54,27,27,7,0.2,5,5,5,1,SVC,None,experiment_2_date_2019-09-19
0.5521527777777778,0.6115399877899879,0.7193750000000001,whisper,54,27,27,7,0.2,5,5,5,1,SVC,None,experiment_2_date_2019-09-19
0.7005902777777777,0.6962948856698856,0.7093749999999999,whisper,54,27,27,7,0.2,5,5,5,1,GaussianProcessClassifier,None,experiment_2_date_2019-09-19
0.6258333333333334,0.6237626262626262,0.628125,whisper,54,27,27,7,0.2,5,5,5,1,DecisionTreeClassifier,None,experiment_2_date_2019-09-19
0.6387152777777778,0.5929658535908536,0.568125,whisper,54,27,27,7,0.2,5,5,5,1,RandomForestClassifier,None,experiment_2_date_2019-09-19
0.6443055555555557,0.7188486513486514,0.8975,whisper,54,27,27,7,0.2,5,5,5,1,GaussianNB,None,experiment_2_date_2019-09-19
0.6165625,0.607414738039738,0.6281249999999999,whisper,54,27,27,7,0.2,5,5,5,1,AdaBoostClassifier,None,experiment_2_date_2019-09-19
0.6160069444444444,0.6361237373737374,0.685,whisper,54,27,27,7,0.2,5,5,5,1,MLPClassifier,None,experiment_2_date_2019-09-19
0.8256944444444445,0.8336874236874237,0.869375,whisper,54,27,27,11,0.2,5,5,5,5,Sequential,model_layers=5,experiment_2_date_2019-09-19
0.6700347222222223,0.6723815073815075,0.694375,whisper,54,27,27,11,0.2,5,5,5,5,Id3Estimator,None,experiment_2_date_2019-09-19
0.7057291666666667,0.7053026140526141,0.718125,whisper,54,27,27,11,0.2,5,5,5,5,KNeighborsClassifier,None,experiment_2_date_2019-09-19
0.5837152777777778,0.639762876012876,0.7737499999999999,whisper,54,27,27,11,0.2,5,5,5,5,SVC,None,experiment_2_date_2019-09-19
0.6734722222222221,0.7624617049617048,1.0,whisper,54,27,27,11,0.2,5,5,5,5,SVC,None,experiment_2_date_2019-09-19
0.8005555555555556,0.8032097763347763,0.82375,whisper,54,27,27,11,0.2,5,5,5,5,GaussianProcessClassifier,None,experiment_2_date_2019-09-19
0.719236111111111,0.726048396048396,0.754375,whisper,54,27,27,11,0.2,5,5,5,5,DecisionTreeClassifier,None,experiment_2_date_2019-09-19
0.6701736111111112,0.6525031912531912,0.645625,whisper,54,27,27,11,0.2,5,5,5,5,RandomForestClassifier,None,experiment_2_date_2019-09-19
0.5973263888888889,0.6663520507270507,0.80625,whisper,54,27,27,11,0.2,5,5,5,5,GaussianNB,None,experiment_2_date_2019-09-19
0.7214930555555555,0.72126332001332,0.74875,whisper,54,27,27,11,0.2,5,5,5,5,AdaBoostClassifier,None,experiment_2_date_2019-09-19
0.7810069444444445,0.7813862526362526,0.820625,whisper,54,27,27,11,0.2,5,5,5,5,MLPClassifier,None,experiment_2_date_2019-09-19
0.8311458333333334,0.8508186951936952,0.903125,whisper,54,27,27,16,0.2,5,5,5,10,Sequential,model_layers=5,experiment_2_date_2019-09-19
0.7110416666666667,0.6877430902430903,0.693125,whisper,54,27,27,16,0.2,5,5,5,10,Id3Estimator,None,experiment_2_date_2019-09-19
0.8148263888888889,0.8245644633144633,0.86875,whisper,54,27,27,16,0.2,5,5,5,10,KNeighborsClassifier,None,experiment_2_date_2019-09-19
0.5804166666666667,0.6652874902874903,0.83875,whisper,54,27,27,16,0.2,5,5,5,10,SVC,None,experiment_2_date_2019-09-19
0.6592361111111111,0.7541742979242979,1.0,whisper,54,27,27,16,0.2,5,5,5,10,SVC,None,experiment_2_date_2019-09-19
0.766875,0.7933032939282938,0.8831249999999999,whisper,54,27,27,16,0.2,5,5,5,10,GaussianProcessClassifier,None,experiment_2_date_2019-09-19
0.6706944444444445,0.6555728993228993,0.66125,whisper,54,27,27,16,0.2,5,5,5,10,DecisionTreeClassifier,None,experiment_2_date_2019-09-19
0.7211111111111111,0.7134000721500721,0.68875,whisper,54,27,27,16,0.2,5,5,5,10,RandomForestClassifier,None,experiment_2_date_2019-09-19
0.7145138888888889,0.7539656177156178,0.83375,whisper,54,27,27,16,0.2,5,5,5,10,GaussianNB,None,experiment_2_date_2019-09-19
0.6614583333333333,0.6633195970695971,0.7062499999999999,whisper,54,27,27,16,0.2,5,5,5,10,AdaBoostClassifier,None,experiment_2_date_2019-09-19
0.7887847222222222,0.7979301948051948,0.825,whisper,54,27,27,16,0.2,5,5,5,10,MLPClassifier,None,experiment_2_date_2019-09-19
0.8016319444444444,0.8163469863469863,0.8643749999999999,whisper,54,27,27,7,0.2,5,5,5,1,Sequential,model_layers=5,experiment_2_date_2019-09-19
0.6637847222222222,0.6479401154401154,0.6575,whisper,54,27,27,7,0.2,5,5,5,1,Id3Estimator,None,experiment_2_date_2019-09-19
0.6612152777777778,0.6379734848484848,0.620625,whisper,54,27,27,7,0.2,5,5,5,1,KNeighborsClassifier,None,experiment_2_date_2019-09-19
0.6226041666666666,0.6987742812742813,0.8700000000000001,whisper,54,27,27,7,0.2,5,5,5,1,SVC,None,experiment_2_date_2019-09-19
0.6134027777777777,0.6715689171939172,0.7887500000000001,whisper,54,27,27,7,0.2,5,5,5,1,SVC,None,experiment_2_date_2019-09-19
0.6174305555555555,0.6198282273282273,0.6368750000000001,whisper,54,27,27,7,0.2,5,5,5,1,GaussianProcessClassifier,None,experiment_2_date_2019-09-19
0.7111458333333334,0.7178284909534909,0.730625,whisper,54,27,27,7,0.2,5,5,5,1,DecisionTreeClassifier,None,experiment_2_date_2019-09-19
0.5855902777777777,0.558381340881341,0.544375,whisper,54,27,27,7,0.2,5,5,5,1,RandomForestClassifier,None,experiment_2_date_2019-09-19
0.6527083333333332,0.7095004995004994,0.8556250000000001,whisper,54,27,27,7,0.2,5,5,5,1,GaussianNB,None,experiment_2_date_2019-09-19
0.5864930555555555,0.5870258214008215,0.603125,whisper,54,27,27,7,0.2,5,5,5,1,AdaBoostClassifier,None,experiment_2_date_2019-09-19
0.6152777777777778,0.624046509046509,0.674375,whisper,54,27,27,7,0.2,5,5,5,1,MLPClassifier,None,experiment_2_date_2019-09-19
0.8365625,0.8527814546564546,0.9062499999999999,whisper,54,27,27,11,0.2,5,5,5,5,Sequential,model_layers=5,experiment_2_date_2019-09-19
0.6495833333333334,0.6613794538794538,0.7081249999999999,whisper,54,27,27,11,0.2,5,5,5,5,Id3Estimator,None,experiment_2_date_2019-09-19
0.7480902777777778,0.7441630591630591,0.7487499999999999,whisper,54,27,27,11,0.2,5,5,5,5,KNeighborsClassifier,None,experiment_2_date_2019-09-19
0.5822569444444444,0.6626111388611388,0.8068749999999999,whisper,54,27,27,11,0.2,5,5,5,5,SVC,None,experiment_2_date_2019-09-19
0.6204861111111111,0.7002822871572871,0.9256249999999999,whisper,54,27,27,11,0.2,5,5,5,5,SVC,None,experiment_2_date_2019-09-19
0.8145138888888889,0.8302054195804196,0.8818749999999999,whisper,54,27,27,11,0.2,5,5,5,5,GaussianProcessClassifier,None,experiment_2_date_2019-09-19
0.6649652777777778,0.6666450910200911,0.698125,whisper,54,27,27,11,0.2,5,5,5,5,DecisionTreeClassifier,None,experiment_2_date_2019-09-19
0.6763541666666666,0.6554083416583417,0.6475,whisper,54,27,27,11,0.2,5,5,5,5,RandomForestClassifier,None,experiment_2_date_2019-09-19
0.6255208333333333,0.6892775974025974,0.8075,whisper,54,27,27,11,0.2,5,5,5,5,GaussianNB,None,experiment_2_date_2019-09-19
0.6386458333333334,0.632972582972583,0.6556250000000001,whisper,54,27,27,11,0.2,5,5,5,5,AdaBoostClassifier,None,experiment_2_date_2019-09-19
0.7615972222222223,0.7647132728382728,0.7918750000000001,whisper,54,27,27,11,0.2,5,5,5,5,MLPClassifier,None,experiment_2_date_2019-09-19
0.8517708333333334,0.8577872821622822,0.8718750000000001,whisper,54,27,27,16,0.2,5,5,5,10,Sequential,model_layers=5,experiment_2_date_2019-09-19
0.7785069444444445,0.7708175851925853,0.775625,whisper,54,27,27,16,0.2,5,5,5,10,Id3Estimator,None,experiment_2_date_2019-09-19
0.8207638888888888,0.835399531024531,0.894375,whisper,54,27,27,16,0.2,5,5,5,10,KNeighborsClassifier,None,experiment_2_date_2019-09-19
0.692951388888889,0.715019771894772,0.7874999999999999,whisper,54,27,27,16,0.2,5,5,5,10,SVC,None,experiment_2_date_2019-09-19
0.6575347222222222,0.7536550949050949,0.9975,whisper,54,27,27,16,0.2,5,5,5,10,SVC,None,experiment_2_date_2019-09-19
0.8270833333333334,0.8352191558441557,0.8743749999999999,whisper,54,27,27,16,0.2,5,5,5,10,GaussianProcessClassifier,None,experiment_2_date_2019-09-19
0.7249652777777778,0.7207007575757575,0.736875,whisper,54,27,27,16,0.2,5,5,5,10,DecisionTreeClassifier,None,experiment_2_date_2019-09-19
0.6677430555555556,0.6309787434787435,0.60375,whisper,54,27,27,16,0.2,5,5,5,10,RandomForestClassifier,None,experiment_2_date_2019-09-19
0.6973958333333334,0.7391792235542236,0.8243749999999999,whisper,54,27,27,16,0.2,5,5,5,10,GaussianNB,None,experiment_2_date_2019-09-19
0.7414930555555556,0.7437820512820513,0.7556250000000001,whisper,54,27,27,16,0.2,5,5,5,10,AdaBoostClassifier,None,experiment_2_date_2019-09-19
0.78375,0.7891464785214786,0.8200000000000001,whisper,54,27,27,16,0.2,5,5,5,10,MLPClassifier,None,experiment_2_date_2019-09-19
0.8240277777777778,0.828915528915529,0.8412499999999999,whisper,54,27,27,18,0.2,5,5,5,12,Sequential,model_layers=5,experiment_2_date_2019-09-19
0.725625,0.7147791097791096,0.7324999999999999,whisper,54,27,27,18,0.2,5,5,5,12,Id3Estimator,None,experiment_2_date_2019-09-19
0.7568402777777777,0.7860291097791098,0.86,whisper,54,27,27,18,0.2,5,5,5,12,KNeighborsClassifier,None,experiment_2_date_2019-09-19
0.7485416666666667,0.7800505744255745,0.8506250000000001,whisper,54,27,27,18,0.2,5,5,5,12,SVC,None,experiment_2_date_2019-09-19
0.68125,0.7671386946386947,1.0,whisper,54,27,27,18,0.2,5,5,5,12,SVC,None,experiment_2_date_2019-09-19
0.8530208333333333,0.8587860750360752,0.87625,whisper,54,27,27,18,0.2,5,5,5,12,GaussianProcessClassifier,None,experiment_2_date_2019-09-19
0.6727083333333334,0.6613492063492064,0.65625,whisper,54,27,27,18,0.2,5,5,5,12,DecisionTreeClassifier,None,experiment_2_date_2019-09-19
0.7362152777777777,0.7145445526695526,0.680625,whisper,54,27,27,18,0.2,5,5,5,12,RandomForestClassifier,None,experiment_2_date_2019-09-19
0.6610763888888889,0.6913537157287157,0.765,whisper,54,27,27,18,0.2,5,5,5,12,GaussianNB,None,experiment_2_date_2019-09-19
0.7033680555555555,0.7000934482184482,0.713125,whisper,54,27,27,18,0.2,5,5,5,12,AdaBoostClassifier,None,experiment_2_date_2019-09-19
0.8375000000000001,0.8361788211788213,0.8456250000000001,whisper,54,27,27,18,0.2,5,5,5,12,MLPClassifier,None,experiment_2_date_2019-09-19
0.8864583333333333,0.8918713924963924,0.91875,whisper,54,27,27,21,0.2,5,5,5,15,Sequential,model_layers=5,experiment_2_date_2019-09-19
0.7417708333333333,0.7422943722943723,0.7581249999999999,whisper,54,27,27,21,0.2,5,5,5,15,Id3Estimator,None,experiment_2_date_2019-09-19
0.7521875,0.7824061355311355,0.8631249999999999,whisper,54,27,27,21,0.2,5,5,5,15,KNeighborsClassifier,None,experiment_2_date_2019-09-19
0.7281597222222222,0.741811938061938,0.8,whisper,54,27,27,21,0.2,5,5,5,15,SVC,None,experiment_2_date_2019-09-19
0.6466319444444444,0.7468159618159618,1.0,whisper,54,27,27,21,0.2,5,5,5,15,SVC,None,experiment_2_date_2019-09-19
0.7753819444444445,0.7971672771672771,0.8725,whisper,54,27,27,21,0.2,5,5,5,15,GaussianProcessClassifier,None,experiment_2_date_2019-09-19
0.6748611111111111,0.6634799228549229,0.674375,whisper,54,27,27,21,0.2,5,5,5,15,DecisionTreeClassifier,None,experiment_2_date_2019-09-19
0.7787847222222223,0.7565715534465535,0.7224999999999999,whisper,54,27,27,21,0.2,5,5,5,15,RandomForestClassifier,None,experiment_2_date_2019-09-19
0.7744791666666667,0.781390762015762,0.819375,whisper,54,27,27,21,0.2,5,5,5,15,GaussianNB,None,experiment_2_date_2019-09-19
0.7779513888888889,0.7769837107337108,0.788125,whisper,54,27,27,21,0.2,5,5,5,15,AdaBoostClassifier,None,experiment_2_date_2019-09-19
0.8025347222222222,0.8074495643245644,0.8262499999999999,whisper,54,27,27,21,0.2,5,5,5,15,MLPClassifier,None,experiment_2_date_2019-09-19
0.8356597222222222,0.8398006854256854,0.851875,whisper,54,27,27,26,0.2,5,5,5,20,Sequential,model_layers=5,experiment_2_date_2019-09-19
0.6594791666666666,0.6588857670107671,0.6693749999999999,whisper,54,27,27,26,0.2,5,5,5,20,Id3Estimator,None,experiment_2_date_2019-09-19
0.6970486111111112,0.7481196581196581,0.875,whisper,54,27,27,26,0.2,5,5,5,20,KNeighborsClassifier,None,experiment_2_date_2019-09-19
0.7266666666666667,0.7575406537906539,0.8256249999999999,whisper,54,27,27,26,0.2,5,5,5,20,SVC,None,experiment_2_date_2019-09-19
0.5193402777777778,0.6243686868686869,0.8899999999999999,whisper,54,27,27,26,0.2,5,5,5,20,SVC,None,experiment_2_date_2019-09-19
0.6900347222222222,0.7344704600954601,0.849375,whisper,54,27,27,26,0.2,5,5,5,20,GaussianProcessClassifier,None,experiment_2_date_2019-09-19
0.6084027777777778,0.6275820707070707,0.670625,whisper,54,27,27,26,0.2,5,5,5,20,DecisionTreeClassifier,None,experiment_2_date_2019-09-19
0.6745486111111112,0.6464258658008658,0.624375,whisper,54,27,27,26,0.2,5,5,5,20,RandomForestClassifier,None,experiment_2_date_2019-09-19
0.6824652777777778,0.7238501082251082,0.8175,whisper,54,27,27,26,0.2,5,5,5,20,GaussianNB,None,experiment_2_date_2019-09-19
0.6285069444444444,0.6488390775890776,0.703125,whisper,54,27,27,26,0.2,5,5,5,20,AdaBoostClassifier,None,experiment_2_date_2019-09-19
0.6953819444444445,0.7096352258852259,0.756875,whisper,54,27,27,26,0.2,5,5,5,20,MLPClassifier,None,experiment_2_date_2019-09-19
0.8340972222222223,0.8315088383838384,0.8312499999999999,whisper,54,27,27,31,0.2,5,5,5,25,Sequential,model_layers=5,experiment_2_date_2019-09-19
0.7733333333333332,0.7798232323232324,0.7925,whisper,54,27,27,31,0.2,5,5,5,25,Id3Estimator,None,experiment_2_date_2019-09-19
0.7780555555555556,0.8098895548895548,0.8937499999999999,whisper,54,27,27,31,0.2,5,5,5,25,KNeighborsClassifier,None,experiment_2_date_2019-09-19
0.7355555555555555,0.7425772144522145,0.798125,whisper,54,27,27,31,0.2,5,5,5,25,SVC,None,experiment_2_date_2019-09-19
0.5592013888888888,0.7008254245754246,1.0,whisper,54,27,27,31,0.2,5,5,5,25,SVC,None,experiment_2_date_2019-09-19
0.839201388888889,0.8447610722610723,0.878125,whisper,54,27,27,31,0.2,5,5,5,25,GaussianProcessClassifier,None,experiment_2_date_2019-09-19
0.6914930555555556,0.6919462481962483,0.7212500000000001,whisper,54,27,27,31,0.2,5,5,5,25,DecisionTreeClassifier,None,experiment_2_date_2019-09-19
0.6981597222222222,0.6799542124542125,0.67125,whisper,54,27,27,31,0.2,5,5,5,25,RandomForestClassifier,None,experiment_2_date_2019-09-19
0.6921527777777778,0.7173210123210123,0.7712499999999999,whisper,54,27,27,31,0.2,5,5,5,25,GaussianNB,None,experiment_2_date_2019-09-19
0.7728472222222222,0.7685980685980686,0.795625,whisper,54,27,27,31,0.2,5,5,5,25,AdaBoostClassifier,None,experiment_2_date_2019-09-19
0.7905208333333333,0.7795057720057721,0.7893749999999999,whisper,54,27,27,31,0.2,5,5,5,25,MLPClassifier,None,experiment_2_date_2019-09-19
0.8243750000000001,0.8618227605727605,0.98875,whisper,54,27,27,36,0.2,5,5,5,30,Sequential,model_layers=5,experiment_2_date_2019-09-19
0.7084375,0.71823933011433,0.750625,whisper,54,27,27,36,0.2,5,5,5,30,Id3Estimator,None,experiment_2_date_2019-09-19
0.7724305555555555,0.811494547119547,0.93625,whisper,54,27,27,36,0.2,5,5,5,30,KNeighborsClassifier,None,experiment_2_date_2019-09-19
0.7351736111111111,0.754898851148851,0.80625,whisper,54,27,27,36,0.2,5,5,5,30,SVC,None,experiment_2_date_2019-09-19
0.5541666666666667,0.697864219114219,1.0,whisper,54,27,27,36,0.2,5,5,5,30,SVC,None,experiment_2_date_2019-09-19
0.7668402777777777,0.7959172771672772,0.8893749999999999,whisper,54,27,27,36,0.2,5,5,5,30,GaussianProcessClassifier,None,experiment_2_date_2019-09-19
0.7080555555555557,0.70553841991342,0.70875,whisper,54,27,27,36,0.2,5,5,5,30,DecisionTreeClassifier,None,experiment_2_date_2019-09-19
0.7113194444444444,0.683503787878788,0.6675,whisper,54,27,27,36,0.2,5,5,5,30,RandomForestClassifier,None,experiment_2_date_2019-09-19
0.6992361111111112,0.7155930180930181,0.76,whisper,54,27,27,36,0.2,5,5,5,30,GaussianNB,None,experiment_2_date_2019-09-19
0.748263888888889,0.7597777222777222,0.790625,whisper,54,27,27,36,0.2,5,5,5,30,AdaBoostClassifier,None,experiment_2_date_2019-09-19
0.7950347222222223,0.8062275224775225,0.8375000000000001,whisper,54,27,27,36,0.2,5,5,5,30,MLPClassifier,None,experiment_2_date_2019-09-19
0.8301388888888889,0.85573489010989,0.92625,whisper,54,27,27,41,0.2,5,5,5,35,Sequential,model_layers=5,experiment_2_date_2019-09-19
0.6817361111111111,0.6851136363636363,0.7093750000000001,whisper,54,27,27,41,0.2,5,5,5,35,Id3Estimator,None,experiment_2_date_2019-09-19
0.7513888888888889,0.7903803835053836,0.9049999999999999,whisper,54,27,27,41,0.2,5,5,5,35,KNeighborsClassifier,None,experiment_2_date_2019-09-19
0.8051041666666667,0.8189350233100232,0.87375,whisper,54,27,27,41,0.2,5,5,5,35,SVC,None,experiment_2_date_2019-09-19
0.5610416666666667,0.7009219946719947,1.0,whisper,54,27,27,41,0.2,5,5,5,35,SVC,None,experiment_2_date_2019-09-19
0.7766319444444444,0.7960457597957598,0.86625,whisper,54,27,27,41,0.2,5,5,5,35,GaussianProcessClassifier,None,experiment_2_date_2019-09-19
0.6662847222222222,0.6694981407481408,0.685,whisper,54,27,27,41,0.2,5,5,5,35,DecisionTreeClassifier,None,experiment_2_date_2019-09-19
0.697326388888889,0.6813958957708958,0.660625,whisper,54,27,27,41,0.2,5,5,5,35,RandomForestClassifier,None,experiment_2_date_2019-09-19
0.7719791666666667,0.7748386335886337,0.783125,whisper,54,27,27,41,0.2,5,5,5,35,GaussianNB,None,experiment_2_date_2019-09-19
0.7027430555555556,0.7106429681429681,0.7287499999999999,whisper,54,27,27,41,0.2,5,5,5,35,AdaBoostClassifier,None,experiment_2_date_2019-09-19
0.8163194444444445,0.8255275974025975,0.8624999999999998,whisper,54,27,27,41,0.2,5,5,5,35,MLPClassifier,None,experiment_2_date_2019-09-19
0.7836805555555556,0.8019844044844044,0.865,whisper,54,27,27,7,0.2,5,5,5,1,Sequential,model_layers=5,experiment_2_date_2019-09-20
0.6702430555555556,0.6728607503607503,0.693125,whisper,54,27,27,7,0.2,5,5,5,1,Id3Estimator,None,experiment_2_date_2019-09-20
0.6754166666666666,0.6408856421356421,0.6056250000000001,whisper,54,27,27,7,0.2,5,5,5,1,KNeighborsClassifier,None,experiment_2_date_2019-09-20
0.5852083333333333,0.6885585248085248,0.9025,whisper,54,27,27,7,0.2,5,5,5,1,SVC,None,experiment_2_date_2019-09-20
0.5945833333333334,0.6324668387168387,0.7181249999999999,whisper,54,27,27,7,0.2,5,5,5,1,SVC,None,experiment_2_date_2019-09-20
0.6124652777777777,0.583505661005661,0.5825,whisper,54,27,27,7,0.2,5,5,5,1,GaussianProcessClassifier,None,experiment_2_date_2019-09-20
0.6713888888888888,0.6690346459096459,0.6799999999999999,whisper,54,27,27,7,0.2,5,5,5,1,DecisionTreeClassifier,None,experiment_2_date_2019-09-20
0.6941319444444445,0.6527462121212122,0.600625,whisper,54,27,27,7,0.2,5,5,5,1,RandomForestClassifier,None,experiment_2_date_2019-09-20
0.6261805555555555,0.7058964646464646,0.89125,whisper,54,27,27,7,0.2,5,5,5,1,GaussianNB,None,experiment_2_date_2019-09-20
0.6351736111111111,0.6298124098124098,0.655,whisper,54,27,27,7,0.2,5,5,5,1,AdaBoostClassifier,None,experiment_2_date_2019-09-20
0.6846180555555555,0.6951295232545233,0.743125,whisper,54,27,27,7,0.2,5,5,5,1,MLPClassifier,None,experiment_2_date_2019-09-20
0.8738888888888889,0.8793777056277057,0.9093749999999999,whisper,54,27,27,11,0.2,5,5,5,5,Sequential,model_layers=5,experiment_2_date_2019-09-20
0.6603125,0.657287642912643,0.6749999999999999,whisper,54,27,27,11,0.2,5,5,5,5,Id3Estimator,None,experiment_2_date_2019-09-20
0.7365972222222222,0.7521902403152403,0.799375,whisper,54,27,27,11,0.2,5,5,5,5,KNeighborsClassifier,None,experiment_2_date_2019-09-20
0.5951041666666665,0.620586913086913,0.69375,whisper,54,27,27,11,0.2,5,5,5,5,SVC,None,experiment_2_date_2019-09-20
0.6780902777777778,0.7617773199023199,0.98125,whisper,54,27,27,11,0.2,5,5,5,5,SVC,None,experiment_2_date_2019-09-20
0.7945486111111111,0.8078220390720391,0.8499999999999999,whisper,54,27,27,11,0.2,5,5,5,5,GaussianProcessClassifier,None,experiment_2_date_2019-09-20
0.6554513888888889,0.6731110556110556,0.7081249999999999,whisper,54,27,27,11,0.2,5,5,5,5,DecisionTreeClassifier,None,experiment_2_date_2019-09-20
0.6877430555555556,0.6646094877344879,0.64375,whisper,54,27,27,11,0.2,5,5,5,5,RandomForestClassifier,None,experiment_2_date_2019-09-20
0.6105902777777777,0.6597389416139416,0.7737499999999999,whisper,54,27,27,11,0.2,5,5,5,5,GaussianNB,None,experiment_2_date_2019-09-20
0.6652430555555555,0.6627354589854589,0.675,whisper,54,27,27,11,0.2,5,5,5,5,AdaBoostClassifier,None,experiment_2_date_2019-09-20
0.7555902777777779,0.7612144105894106,0.7743749999999999,whisper,54,27,27,11,0.2,5,5,5,5,MLPClassifier,None,experiment_2_date_2019-09-20
0.9037152777777777,0.9169792013542013,0.9762499999999998,whisper,54,27,27,16,0.2,5,5,5,10,Sequential,model_layers=5,experiment_2_date_2019-09-20
0.6810416666666668,0.6873183760683761,0.7168750000000002,whisper,54,27,27,16,0.2,5,5,5,10,Id3Estimator,None,experiment_2_date_2019-09-20
0.7422916666666666,0.7796393883893884,0.8875,whisper,54,27,27,16,0.2,5,5,5,10,KNeighborsClassifier,None,experiment_2_date_2019-09-20
0.6836805555555556,0.7272968004218003,0.8256249999999999,whisper,54,27,27,16,0.2,5,5,5,10,SVC,None,experiment_2_date_2019-09-20
0.6675,0.7583166833166834,1.0,whisper,54,27,27,16,0.2,5,5,5,10,SVC,None,experiment_2_date_2019-09-20
0.8068402777777778,0.8069913419913419,0.8231249999999999,whisper,54,27,27,16,0.2,5,5,5,10,GaussianProcessClassifier,None,experiment_2_date_2019-09-20
0.6803472222222222,0.6837950937950938,0.693125,whisper,54,27,27,16,0.2,5,5,5,10,DecisionTreeClassifier,None,experiment_2_date_2019-09-20
0.7228472222222222,0.7101948051948053,0.7093750000000001,whisper,54,27,27,16,0.2,5,5,5,10,RandomForestClassifier,None,experiment_2_date_2019-09-20
0.6294444444444445,0.6673529942279941,0.7450000000000001,whisper,54,27,27,16,0.2,5,5,5,10,GaussianNB,None,experiment_2_date_2019-09-20
0.7321527777777778,0.7216265678765679,0.7318749999999999,whisper,54,27,27,16,0.2,5,5,5,10,AdaBoostClassifier,None,experiment_2_date_2019-09-20
0.7703472222222223,0.7786756299256299,0.7975,whisper,54,27,27,16,0.2,5,5,5,10,MLPClassifier,None,experiment_2_date_2019-09-20
0.8738888888888889,0.8868355255855255,0.9481249999999999,whisper,54,27,27,18,0.2,5,5,5,12,Sequential,model_layers=5,experiment_2_date_2019-09-20
0.7199652777777776,0.7263838938838939,0.7487499999999999,whisper,54,27,27,18,0.2,5,5,5,12,Id3Estimator,None,experiment_2_date_2019-09-20
0.7806250000000001,0.7954617604617604,0.85,whisper,54,27,27,18,0.2,5,5,5,12,KNeighborsClassifier,None,experiment_2_date_2019-09-20
0.6720833333333334,0.6930031773781774,0.7275,whisper,54,27,27,18,0.2,5,5,5,12,SVC,None,experiment_2_date_2019-09-20
0.6797569444444445,0.766969141969142,1.0,whisper,54,27,27,18,0.2,5,5,5,12,SVC,None,experiment_2_date_2019-09-20
0.774513888888889,0.7994964063714064,0.885625,whisper,54,27,27,18,0.2,5,5,5,12,GaussianProcessClassifier,None,experiment_2_date_2019-09-20
0.674375,0.6601935564435564,0.674375,whisper,54,27,27,18,0.2,5,5,5,12,DecisionTreeClassifier,None,experiment_2_date_2019-09-20
0.7619791666666667,0.7535499916749916,0.7474999999999999,whisper,54,27,27,18,0.2,5,5,5,12,RandomForestClassifier,None,experiment_2_date_2019-09-20
0.6605555555555556,0.6946613109113109,0.749375,whisper,54,27,27,18,0.2,5,5,5,12,GaussianNB,None,experiment_2_date_2019-09-20
0.7423958333333334,0.7384844322344323,0.74625,whisper,54,27,27,18,0.2,5,5,5,12,AdaBoostClassifier,None,experiment_2_date_2019-09-20
0.8267708333333335,0.8264998196248197,0.8375,whisper,54,27,27,18,0.2,5,5,5,12,MLPClassifier,None,experiment_2_date_2019-09-20
0.8215277777777779,0.8284727772227772,0.8631249999999999,whisper,54,27,27,21,0.2,5,5,5,15,Sequential,model_layers=5,experiment_2_date_2019-09-20
0.7502083333333334,0.7525620213120214,0.785625,whisper,54,27,27,21,0.2,5,5,5,15,Id3Estimator,None,experiment_2_date_2019-09-20
0.7810069444444444,0.8086161754911755,0.8943749999999999,whisper,54,27,27,21,0.2,5,5,5,15,KNeighborsClassifier,None,experiment_2_date_2019-09-20
0.7170833333333333,0.7341502247752247,0.7887500000000001,whisper,54,27,27,21,0.2,5,5,5,15,SVC,None,experiment_2_date_2019-09-20
0.6381597222222222,0.7410686535686536,1.0,whisper,54,27,27,21,0.2,5,5,5,15,SVC,None,experiment_2_date_2019-09-20
0.7631597222222223,0.7909010434010434,0.8700000000000001,whisper,54,27,27,21,0.2,5,5,5,15,GaussianProcessClassifier,None,experiment_2_date_2019-09-20
0.7183333333333333,0.7157075563325562,0.7381249999999999,whisper,54,27,27,21,0.2,5,5,5,15,DecisionTreeClassifier,None,experiment_2_date_2019-09-20
0.7422916666666666,0.724672619047619,0.703125,whisper,54,27,27,21,0.2,5,5,5,15,RandomForestClassifier,None,experiment_2_date_2019-09-20
0.6775347222222222,0.6937392468642469,0.748125,whisper,54,27,27,21,0.2,5,5,5,15,GaussianNB,None,experiment_2_date_2019-09-20
0.7761805555555557,0.7740219502719503,0.7856249999999999,whisper,54,27,27,21,0.2,5,5,5,15,AdaBoostClassifier,None,experiment_2_date_2019-09-20
0.7584375000000001,0.7673430735930735,0.7968749999999999,whisper,54,27,27,21,0.2,5,5,5,15,MLPClassifier,None,experiment_2_date_2019-09-20
0.7995486111111111,0.8086765318015319,0.838125,whisper,54,27,27,26,0.2,5,5,5,20,Sequential,model_layers=5,experiment_2_date_2019-09-20
0.6350347222222222,0.6375487012987013,0.661875,whisper,54,27,27,26,0.2,5,5,5,20,Id3Estimator,None,experiment_2_date_2019-09-20
0.622361111111111,0.7039925352425352,0.8743749999999999,whisper,54,27,27,26,0.2,5,5,5,20,KNeighborsClassifier,None,experiment_2_date_2019-09-20
0.6528124999999999,0.6955821955821956,0.79,whisper,54,27,27,26,0.2,5,5,5,20,SVC,None,experiment_2_date_2019-09-20
0.5170138888888889,0.6097759879009879,0.8775000000000001,whisper,54,27,27,26,0.2,5,5,5,20,SVC,None,experiment_2_date_2019-09-20
0.751736111111111,0.7772553141303141,0.86625,whisper,54,27,27,26,0.2,5,5,5,20,GaussianProcessClassifier,None,experiment_2_date_2019-09-20
0.6219791666666667,0.6318006299256298,0.6875000000000001,whisper,54,27,27,26,0.2,5,5,5,20,DecisionTreeClassifier,None,experiment_2_date_2019-09-20
0.6829513888888888,0.657615231990232,0.645625,whisper,54,27,27,26,0.2,5,5,5,20,RandomForestClassifier,None,experiment_2_date_2019-09-20
0.6997916666666667,0.7228946747696748,0.7849999999999999,whisper,54,27,27,26,0.2,5,5,5,20,GaussianNB,None,experiment_2_date_2019-09-20
0.6034722222222222,0.6062297424797425,0.62875,whisper,54,27,27,26,0.2,5,5,5,20,AdaBoostClassifier,None,experiment_2_date_2019-09-20
0.7482291666666667,0.7632348207348207,0.81625,whisper,54,27,27,26,0.2,5,5,5,20,MLPClassifier,None,experiment_2_date_2019-09-20
0.8926041666666668,0.903602577977578,0.949375,whisper,54,27,27,31,0.2,5,5,5,25,Sequential,model_layers=5,experiment_2_date_2019-09-20
0.7162152777777777,0.7191734654234654,0.746875,whisper,54,27,27,31,0.2,5,5,5,25,Id3Estimator,None,experiment_2_date_2019-09-20
0.7845833333333333,0.8123174048174048,0.8993749999999999,whisper,54,27,27,31,0.2,5,5,5,25,KNeighborsClassifier,None,experiment_2_date_2019-09-20
0.7273263888888889,0.7555008186258187,0.8456250000000001,whisper,54,27,27,31,0.2,5,5,5,25,SVC,None,experiment_2_date_2019-09-20
0.5651041666666667,0.7042257742257743,1.0,whisper,54,27,27,31,0.2,5,5,5,25,SVC,None,experiment_2_date_2019-09-20
0.7660416666666667,0.7826479770229771,0.83375,whisper,54,27,27,31,0.2,5,5,5,25,GaussianProcessClassifier,None,experiment_2_date_2019-09-20
0.7592013888888889,0.7485854423354423,0.76875,whisper,54,27,27,31,0.2,5,5,5,25,DecisionTreeClassifier,None,experiment_2_date_2019-09-20
0.7033680555555556,0.6906026612276612,0.680625,whisper,54,27,27,31,0.2,5,5,5,25,RandomForestClassifier,None,experiment_2_date_2019-09-20
0.6684027777777778,0.6636172161172161,0.68125,whisper,54,27,27,31,0.2,5,5,5,25,GaussianNB,None,experiment_2_date_2019-09-20
0.7248958333333334,0.7354092435342436,0.7725,whisper,54,27,27,31,0.2,5,5,5,25,AdaBoostClassifier,None,experiment_2_date_2019-09-20
0.7761458333333333,0.7855466061716061,0.8199999999999998,whisper,54,27,27,31,0.2,5,5,5,25,MLPClassifier,None,experiment_2_date_2019-09-20
0.9247222222222222,0.9305677655677655,0.9550000000000001,whisper,54,27,27,36,0.2,5,5,5,30,Sequential,model_layers=5,experiment_2_date_2019-09-20
0.6738194444444444,0.6865833472083472,0.7125,whisper,54,27,27,36,0.2,5,5,5,30,Id3Estimator,None,experiment_2_date_2019-09-20
0.7705555555555555,0.8120677239427239,0.9349999999999999,whisper,54,27,27,36,0.2,5,5,5,30,KNeighborsClassifier,None,experiment_2_date_2019-09-20
0.7381597222222223,0.7609541847041847,0.8131249999999999,whisper,54,27,27,36,0.2,5,5,5,30,SVC,None,experiment_2_date_2019-09-20
0.5884027777777778,0.7158291708291707,1.0,whisper,54,27,27,36,0.2,5,5,5,30,SVC,None,experiment_2_date_2019-09-20
0.7334375000000001,0.7690444971694971,0.855,whisper,54,27,27,36,0.2,5,5,5,30,GaussianProcessClassifier,None,experiment_2_date_2019-09-20
0.6863194444444445,0.678547632922633,0.690625,whisper,54,27,27,36,0.2,5,5,5,30,DecisionTreeClassifier,None,experiment_2_date_2019-09-20
0.6570833333333334,0.6317821067821068,0.61375,whisper,54,27,27,36,0.2,5,5,5,30,RandomForestClassifier,None,experiment_2_date_2019-09-20
0.7455555555555555,0.7534988622488623,0.781875,whisper,54,27,27,36,0.2,5,5,5,30,GaussianNB,None,experiment_2_date_2019-09-20
0.7268402777777778,0.7277996309246308,0.73875,whisper,54,27,27,36,0.2,5,5,5,30,AdaBoostClassifier,None,experiment_2_date_2019-09-20
0.8226041666666667,0.8248792180042179,0.846875,whisper,54,27,27,36,0.2,5,5,5,30,MLPClassifier,None,experiment_2_date_2019-09-20
0.8526041666666667,0.8475974025974025,0.8368749999999998,whisper,54,27,27,41,0.2,5,5,5,35,Sequential,model_layers=5,experiment_2_date_2019-09-20
0.6925000000000001,0.6983762071262072,0.725625,whisper,54,27,27,41,0.2,5,5,5,35,Id3Estimator,None,experiment_2_date_2019-09-20
0.748125,0.793780525030525,0.930625,whisper,54,27,27,41,0.2,5,5,5,35,KNeighborsClassifier,None,experiment_2_date_2019-09-20
0.73875,0.7483680902430903,0.7937500000000001,whisper,54,27,27,41,0.2,5,5,5,35,SVC,None,experiment_2_date_2019-09-20
0.5524305555555555,0.6972702297702297,1.0,whisper,54,27,27,41,0.2,5,5,5,35,SVC,None,experiment_2_date_2019-09-20
0.7186458333333334,0.7681564962814962,0.8968750000000001,whisper,54,27,27,41,0.2,5,5,5,35,GaussianProcessClassifier,None,experiment_2_date_2019-09-20
0.6924305555555557,0.6861792374292375,0.6968750000000001,whisper,54,27,27,41,0.2,5,5,5,35,DecisionTreeClassifier,None,experiment_2_date_2019-09-20
0.6930555555555555,0.6788079975579975,0.6725000000000001,whisper,54,27,27,41,0.2,5,5,5,35,RandomForestClassifier,None,experiment_2_date_2019-09-20
0.7465277777777777,0.7506584387834387,0.7687499999999999,whisper,54,27,27,41,0.2,5,5,5,35,GaussianNB,None,experiment_2_date_2019-09-20
0.7145833333333333,0.7234478715728716,0.7581249999999999,whisper,54,27,27,41,0.2,5,5,5,35,AdaBoostClassifier,None,experiment_2_date_2019-09-20
0.8000694444444445,0.8109231046731047,0.839375,whisper,54,27,27,41,0.2,5,5,5,35,MLPClassifier,None,experiment_2_date_2019-09-20
0.8503819444444446,0.8365791847041848,0.8125,whisper,54,27,27,46,0.2,5,5,5,40,Sequential,model_layers=5,experiment_2_date_2019-09-20
0.7325347222222222,0.7352539127539127,0.754375,whisper,54,27,27,46,0.2,5,5,5,40,Id3Estimator,None,experiment_2_date_2019-09-20
0.7346180555555556,0.77877442002442,0.8993749999999999,whisper,54,27,27,46,0.2,5,5,5,40,KNeighborsClassifier,None,experiment_2_date_2019-09-20
0.7546180555555555,0.7709916472416473,0.82375,whisper,54,27,27,46,0.2,5,5,5,40,SVC,None,experiment_2_date_2019-09-20
0.5567013888888889,0.6995054945054944,1.0,whisper,54,27,27,46,0.2,5,5,5,40,SVC,None,experiment_2_date_2019-09-20
0.7392708333333333,0.7810895354645355,0.8968750000000001,whisper,54,27,27,46,0.2,5,5,5,40,GaussianProcessClassifier,None,experiment_2_date_2019-09-20
0.6748958333333334,0.6797483766233766,0.700625,whisper,54,27,27,46,0.2,5,5,5,40,DecisionTreeClassifier,None,experiment_2_date_2019-09-20
0.7004513888888888,0.6740746753246754,0.6487499999999999,whisper,54,27,27,46,0.2,5,5,5,40,RandomForestClassifier,None,experiment_2_date_2019-09-20
0.7825347222222223,0.7905645743145744,0.8237500000000001,whisper,54,27,27,46,0.2,5,5,5,40,GaussianNB,None,experiment_2_date_2019-09-20
0.701736111111111,0.7030663780663781,0.7175,whisper,54,27,27,46,0.2,5,5,5,40,AdaBoostClassifier,None,experiment_2_date_2019-09-20
0.7711458333333334,0.7778391747141747,0.8074999999999999,whisper,54,27,27,46,0.2,5,5,5,40,MLPClassifier,None,experiment_2_date_2019-09-20
0.925138888888889,0.9325270562770562,0.98,whisper,54,27,27,26,0.2,5,5,5,20,Sequential,model_layers=5,experiment_5_date_2019-09-20
0.6187152777777778,0.6161895743145742,0.6325000000000001,whisper,54,27,27,26,0.2,5,5,5,20,Id3Estimator,None,experiment_5_date_2019-09-20
0.6793055555555556,0.7505923937173937,0.9181249999999999,whisper,54,27,27,26,0.2,5,5,5,20,KNeighborsClassifier,None,experiment_5_date_2019-09-20
0.6916319444444444,0.7244574175824177,0.8118749999999999,whisper,54,27,27,26,0.2,5,5,5,20,SVC,None,experiment_5_date_2019-09-20
0.51875,0.6294191919191919,0.9125000000000001,whisper,54,27,27,26,0.2,5,5,5,20,SVC,None,experiment_5_date_2019-09-20
0.7354166666666667,0.7662123987123988,0.850625,whisper,54,27,27,26,0.2,5,5,5,20,GaussianProcessClassifier,None,experiment_5_date_2019-09-20
0.6240972222222222,0.6426353507603508,0.6799999999999999,whisper,54,27,27,26,0.2,5,5,5,20,DecisionTreeClassifier,None,experiment_5_date_2019-09-20
0.6440277777777778,0.6297585053835053,0.619375,whisper,54,27,27,26,0.2,5,5,5,20,RandomForestClassifier,None,experiment_5_date_2019-09-20
0.7156597222222223,0.7358725996225995,0.798125,whisper,54,27,27,26,0.2,5,5,5,20,GaussianNB,None,experiment_5_date_2019-09-20
0.6215277777777778,0.6313615551115551,0.665,whisper,54,27,27,26,0.2,5,5,5,20,AdaBoostClassifier,None,experiment_5_date_2019-09-20
0.7275694444444445,0.7597188922188922,0.8412499999999998,whisper,54,27,27,26,0.2,5,5,5,20,MLPClassifier,None,experiment_5_date_2019-09-20
0.45454545454545453,0.625,1.0,whisper,54,27,27,21,0.2,5,5,5,15,Sequential,model_layers=5
0.8751041666666666,0.8817911255411256,0.908125,whisper,54,27,27,21,0.2,5,5,5,15,Sequential,model_layers=5,experiment_5_date_2019-09-20
