total_accuracy,f1_gasp,recall_gasp,clf_label,total_samples,positives,negatives,total_features,test_size_ratio,folds,kfold_repeats,sampling_repeats,n_mfcc_amount,model_name,model_info
0.8474315767973857,0.8633271318894383,0.9409722222222222,gasp,104,52,52,26,0.2,5,5,5,20,Sequential,model_layers=5,experiment_5_date_2019-09-18
0.6976613562091504,0.6897322300592424,0.6878472222222222,gasp,104,52,52,26,0.2,5,5,5,20,Id3Estimator,None,experiment_5_date_2019-09-18
0.724407679738562,0.7170701482273952,0.7151041666666667,gasp,104,52,52,26,0.2,5,5,5,20,KNeighborsClassifier,None,experiment_5_date_2019-09-18
0.7871987336601307,0.7871803282716595,0.8006944444444444,gasp,104,52,52,26,0.2,5,5,5,20,SVC,None,experiment_5_date_2019-09-18
0.5299785539215687,0.548931856187291,0.8,gasp,104,52,52,26,0.2,5,5,5,20,SVC,None,experiment_5_date_2019-09-18
0.8119127859477124,0.8102112438644946,0.8196180555555556,gasp,104,52,52,26,0.2,5,5,5,20,GaussianProcessClassifier,None,experiment_5_date_2019-09-18
0.6842984068627451,0.6682427669724496,0.6651041666666667,gasp,104,52,52,26,0.2,5,5,5,20,DecisionTreeClassifier,None,experiment_5_date_2019-09-18
0.6648845996732027,0.6338079827379364,0.6006944444444444,gasp,104,52,52,26,0.2,5,5,5,20,RandomForestClassifier,None,experiment_5_date_2019-09-18
0.7298100490196079,0.7426223982415934,0.7916666666666667,gasp,104,52,52,26,0.2,5,5,5,20,GaussianNB,None,experiment_5_date_2019-09-18
0.7150275735294118,0.7210414141746588,0.7392361111111112,gasp,104,52,52,26,0.2,5,5,5,20,AdaBoostClassifier,None,experiment_5_date_2019-09-18
0.7776654411764705,0.7767042712834121,0.7899305555555556,gasp,104,52,52,26,0.2,5,5,5,20,MLPClassifier,None,experiment_5_date_2019-09-18
0.861999591503268,0.8776678941113925,0.9487847222222221,gasp,104,52,52,26,0.2,5,5,5,20,Sequential,model_layers=5,experiment_5_date_2019-09-18
0.6986366421568628,0.6897101386100999,0.6901041666666666,gasp,104,52,52,26,0.2,5,5,5,20,Id3Estimator,None,experiment_5_date_2019-09-18
0.7496987336601306,0.7514210891466411,0.7694444444444444,gasp,104,52,52,26,0.2,5,5,5,20,KNeighborsClassifier,None,experiment_5_date_2019-09-18
0.7361621732026143,0.7584145677808602,0.8244791666666667,gasp,104,52,52,26,0.2,5,5,5,20,SVC,None,experiment_5_date_2019-09-18
0.5342064950980392,0.3054708298947429,0.4375,gasp,104,52,52,26,0.2,5,5,5,20,SVC,None,experiment_5_date_2019-09-18
0.8131433823529413,0.808470516411693,0.8045138888888888,gasp,104,52,52,26,0.2,5,5,5,20,GaussianProcessClassifier,None,experiment_5_date_2019-09-18
0.6656198937908497,0.6647001634201711,0.6887152777777776,gasp,104,52,52,26,0.2,5,5,5,20,DecisionTreeClassifier,None,experiment_5_date_2019-09-18
0.7132761437908497,0.6814853629772359,0.6376736111111111,gasp,104,52,52,26,0.2,5,5,5,20,RandomForestClassifier,None,experiment_5_date_2019-09-18
0.7511386846405229,0.7696257994671307,0.825,gasp,104,52,52,26,0.2,5,5,5,20,GaussianNB,None,experiment_5_date_2019-09-18
0.727154820261438,0.7234655700551598,0.7342013888888889,gasp,104,52,52,26,0.2,5,5,5,20,AdaBoostClassifier,None,experiment_5_date_2019-09-18
0.7803257761437907,0.7817682124377172,0.7902777777777777,gasp,104,52,52,26,0.2,5,5,5,20,MLPClassifier,None,experiment_5_date_2019-09-18
0.8502757352941175,0.8653198475146249,0.9444444444444444,gasp,104,52,52,26,0.2,5,5,5,20,Sequential,model_layers=5,experiment_5_date_2019-09-18
0.6957924836601306,0.6954196717025665,0.7001736111111111,gasp,104,52,52,26,0.2,5,5,5,20,Id3Estimator,None,experiment_5_date_2019-09-18
0.7657832924836601,0.761201730308735,0.7671875000000001,gasp,104,52,52,26,0.2,5,5,5,20,KNeighborsClassifier,None,experiment_5_date_2019-09-18
0.7865298202614379,0.7887461099487029,0.7999999999999998,gasp,104,52,52,26,0.2,5,5,5,20,SVC,None,experiment_5_date_2019-09-18
0.5422130310457516,0.6129023693697606,0.8875,gasp,104,52,52,26,0.2,5,5,5,20,SVC,None,experiment_5_date_2019-09-18
0.77421875,0.777523489152746,0.7909722222222222,gasp,104,52,52,26,0.2,5,5,5,20,GaussianProcessClassifier,None,experiment_5_date_2019-09-18
0.6996578839869281,0.6918388354925911,0.6911458333333333,gasp,104,52,52,26,0.2,5,5,5,20,DecisionTreeClassifier,None,experiment_5_date_2019-09-18
0.6772416258169934,0.6416898817556711,0.5951388888888889,gasp,104,52,52,26,0.2,5,5,5,20,RandomForestClassifier,None,experiment_5_date_2019-09-18
0.7164930555555555,0.7402442087281483,0.815625,gasp,104,52,52,26,0.2,5,5,5,20,GaussianNB,None,experiment_5_date_2019-09-18
0.7012357026143791,0.69258239009013,0.7024305555555556,gasp,104,52,52,26,0.2,5,5,5,20,AdaBoostClassifier,None,experiment_5_date_2019-09-18
0.7890982434640523,0.7884576561657931,0.7866319444444445,gasp,104,52,52,26,0.2,5,5,5,20,MLPClassifier,None,experiment_5_date_2019-09-18
0.8700776143790849,0.8817086220453094,0.9572916666666667,gasp,104,52,52,26,0.2,5,5,5,20,Sequential,model_layers=5,experiment_5_date_2019-09-18
0.7024152369281045,0.7032603898509471,0.7133680555555556,gasp,104,52,52,26,0.2,5,5,5,20,Id3Estimator,None,experiment_5_date_2019-09-18
0.7076950571895424,0.709743515274416,0.7392361111111112,gasp,104,52,52,26,0.2,5,5,5,20,KNeighborsClassifier,None,experiment_5_date_2019-09-18
0.719265727124183,0.7406094317068119,0.8123263888888888,gasp,104,52,52,26,0.2,5,5,5,20,SVC,None,experiment_5_date_2019-09-18
0.5356107026143792,0.4420589899231203,0.6375,gasp,104,52,52,26,0.2,5,5,5,20,SVC,None,experiment_5_date_2019-09-18
0.7914368872549019,0.7875092980849561,0.8116319444444444,gasp,104,52,52,26,0.2,5,5,5,20,GaussianProcessClassifier,None,experiment_5_date_2019-09-18
0.6954707924836602,0.6878719505683515,0.6821180555555555,gasp,104,52,52,26,0.2,5,5,5,20,DecisionTreeClassifier,None,experiment_5_date_2019-09-18
0.6829758986928105,0.6508369362190958,0.6159722222222223,gasp,104,52,52,26,0.2,5,5,5,20,RandomForestClassifier,None,experiment_5_date_2019-09-18
0.7078839869281045,0.7276840992740676,0.7819444444444443,gasp,104,52,52,26,0.2,5,5,5,20,GaussianNB,None,experiment_5_date_2019-09-18
0.6967575571895425,0.692287993976268,0.6987847222222221,gasp,104,52,52,26,0.2,5,5,5,20,AdaBoostClassifier,None,experiment_5_date_2019-09-18
0.7851613562091503,0.7867467917574342,0.7935763888888889,gasp,104,52,52,26,0.2,5,5,5,20,MLPClassifier,None,experiment_5_date_2019-09-18
0.8652165032679738,0.875763908434187,0.9354166666666667,gasp,104,52,52,26,0.2,5,5,5,20,Sequential,model_layers=5,experiment_5_date_2019-09-18
0.6836345996732026,0.686753920636467,0.7133680555555555,gasp,104,52,52,26,0.2,5,5,5,20,Id3Estimator,None,experiment_5_date_2019-09-18
0.7401348039215685,0.7278047278443951,0.7116319444444444,gasp,104,52,52,26,0.2,5,5,5,20,KNeighborsClassifier,None,experiment_5_date_2019-09-18
0.733374183006536,0.7377421242113579,0.7598958333333333,gasp,104,52,52,26,0.2,5,5,5,20,SVC,None,experiment_5_date_2019-09-18
0.5282526552287581,0.4138899470095122,0.6000000000000001,gasp,104,52,52,26,0.2,5,5,5,20,SVC,None,experiment_5_date_2019-09-18
0.7982945261437908,0.8012939057201827,0.8164930555555555,gasp,104,52,52,26,0.2,5,5,5,20,GaussianProcessClassifier,None,experiment_5_date_2019-09-18
0.6946333741830066,0.6887625710492601,0.6883680555555556,gasp,104,52,52,26,0.2,5,5,5,20,DecisionTreeClassifier,None,experiment_5_date_2019-09-18
0.6751429738562091,0.6244910648132398,0.5751736111111111,gasp,104,52,52,26,0.2,5,5,5,20,RandomForestClassifier,None,experiment_5_date_2019-09-18
0.7060917075163399,0.7194069772891368,0.7642361111111111,gasp,104,52,52,26,0.2,5,5,5,20,GaussianNB,None,experiment_5_date_2019-09-18
0.7044934640522875,0.7079127061663827,0.7208333333333334,gasp,104,52,52,26,0.2,5,5,5,20,AdaBoostClassifier,None,experiment_5_date_2019-09-18
0.743142361111111,0.7398591690387355,0.7416666666666667,gasp,104,52,52,26,0.2,5,5,5,20,MLPClassifier,None,experiment_5_date_2019-09-18
0.8651858660130719,0.8788040287885489,0.9592013888888891,gasp,104,52,52,26,0.2,5,5,5,20,Sequential,model_layers=5,experiment_5_date_2019-09-18
0.6835120506535948,0.6756350569150492,0.6741319444444445,gasp,104,52,52,26,0.2,5,5,5,20,Id3Estimator,None,experiment_5_date_2019-09-18
0.7213643790849673,0.7298549294132902,0.7666666666666667,gasp,104,52,52,26,0.2,5,5,5,20,KNeighborsClassifier,None,experiment_5_date_2019-09-18
0.767218137254902,0.7784030220799973,0.8227430555555555,gasp,104,52,52,26,0.2,5,5,5,20,SVC,None,experiment_5_date_2019-09-18
0.5532832924836601,0.5260157034993991,0.75,gasp,104,52,52,26,0.2,5,5,5,20,SVC,None,experiment_5_date_2019-09-18
0.7882301879084967,0.7918207454973423,0.8154513888888889,gasp,104,52,52,26,0.2,5,5,5,20,GaussianProcessClassifier,None,experiment_5_date_2019-09-18
0.6862847222222223,0.679158068584472,0.6727430555555555,gasp,104,52,52,26,0.2,5,5,5,20,DecisionTreeClassifier,None,experiment_5_date_2019-09-18
0.6625868055555555,0.610988255488062,0.5625,gasp,104,52,52,26,0.2,5,5,5,20,RandomForestClassifier,None,experiment_5_date_2019-09-18
0.7321435866013072,0.7476391431785412,0.8020833333333333,gasp,104,52,52,26,0.2,5,5,5,20,GaussianNB,None,experiment_5_date_2019-09-18
0.699734477124183,0.6919881457981303,0.689236111111111,gasp,104,52,52,26,0.2,5,5,5,20,AdaBoostClassifier,None,experiment_5_date_2019-09-18
0.8063725490196078,0.8059388419672862,0.8137152777777777,gasp,104,52,52,26,0.2,5,5,5,20,MLPClassifier,None,experiment_5_date_2019-09-18
0.8593750000000001,0.8742713554720134,0.9609375,gasp,100,50,50,26,0.2,5,5,5,20,Sequential,model_layers=5,experiment_1_date_2019-09-18
0.872436683006536,0.886333765320843,0.9595486111111111,gasp,104,52,52,26,0.2,5,5,5,20,Sequential,model_layers=5,experiment_1_date_2019-09-18
0.8569546568627451,0.8690824976322269,0.9302083333333333,gasp,104,52,52,26,0.2,5,5,5,20,Sequential,model_layers=5,experiment_1_date_2019-09-18
0.8434487336601307,0.8584788437686288,0.9321180555555555,gasp,104,52,52,26,0.2,5,5,5,20,Sequential,model_layers=5,experiment_1_date_2019-09-18
0.8679125816993464,0.8814767056708267,0.9605902777777778,gasp,104,52,52,26,0.2,5,5,5,20,Sequential,model_layers=5,experiment_1_date_2019-09-18
0.6671874999999999,0.6647116021448451,0.6734374999999999,gasp,100,50,50,26,0.2,5,5,5,20,Id3Estimator,None,experiment_1_date_2019-09-18
0.7153645833333333,0.7066966492614714,0.6963541666666666,gasp,104,52,52,26,0.2,5,5,5,20,Id3Estimator,None,experiment_1_date_2019-09-18
0.6509548611111111,0.6335231235482783,0.6399305555555556,gasp,104,52,52,26,0.2,5,5,5,20,Id3Estimator,None,experiment_1_date_2019-09-18
0.6526807598039215,0.6477955406484229,0.6539930555555555,gasp,104,52,52,26,0.2,5,5,5,20,Id3Estimator,None,experiment_1_date_2019-09-18
0.6806117238562092,0.6775037310041181,0.690625,gasp,104,52,52,26,0.2,5,5,5,20,Id3Estimator,None,experiment_1_date_2019-09-18
0.7671875,0.7637811546683451,0.7609375,gasp,100,50,50,26,0.2,5,5,5,20,KNeighborsClassifier,None,experiment_1_date_2019-09-18
0.7354166666666666,0.7315668896377101,0.739236111111111,gasp,104,52,52,26,0.2,5,5,5,20,KNeighborsClassifier,None,experiment_1_date_2019-09-18
0.720358455882353,0.7328224543559296,0.7786458333333335,gasp,104,52,52,26,0.2,5,5,5,20,KNeighborsClassifier,None,experiment_1_date_2019-09-18
0.7479115604575164,0.749415086332656,0.7600694444444445,gasp,104,52,52,26,0.2,5,5,5,20,KNeighborsClassifier,None,experiment_1_date_2019-09-18
0.7708690767973856,0.7661592690075663,0.7685763888888888,gasp,104,52,52,26,0.2,5,5,5,20,KNeighborsClassifier,None,experiment_1_date_2019-09-18
0.71171875,0.7187694266303013,0.7625,gasp,100,50,50,26,0.2,5,5,5,20,SVC,None,experiment_1_date_2019-09-18
0.7144965277777777,0.7422177184270837,0.8265625000000001,gasp,104,52,52,26,0.2,5,5,5,20,SVC,None,experiment_1_date_2019-09-18
0.7300653594771241,0.7404272641917765,0.7824652777777777,gasp,104,52,52,26,0.2,5,5,5,20,SVC,None,experiment_1_date_2019-09-18
0.7572916666666667,0.7738787664882194,0.8309027777777778,gasp,104,52,52,26,0.2,5,5,5,20,SVC,None,experiment_1_date_2019-09-18
0.7246680964052288,0.735582900632369,0.7710069444444445,gasp,104,52,52,26,0.2,5,5,5,20,SVC,None,experiment_1_date_2019-09-18
0.5578125,0.6951131782024231,1.0,gasp,100,50,50,26,0.2,5,5,5,20,SVC,None,experiment_1_date_2019-09-18
0.5291666666666667,0.26516132177001744,0.37656249999999997,gasp,104,52,52,26,0.2,5,5,5,20,SVC,None,experiment_1_date_2019-09-18
0.5275684232026144,0.48803054916098393,0.7125,gasp,104,52,52,26,0.2,5,5,5,20,SVC,None,experiment_1_date_2019-09-18
0.5294730392156863,0.38772772879294615,0.5625,gasp,104,52,52,26,0.2,5,5,5,20,SVC,None,experiment_1_date_2019-09-18
0.5413296568627451,0.4353292902749425,0.625,gasp,104,52,52,26,0.2,5,5,5,20,SVC,None,experiment_1_date_2019-09-18
0.77578125,0.7706330567437378,0.7765625,gasp,100,50,50,26,0.2,5,5,5,20,GaussianProcessClassifier,None,experiment_1_date_2019-09-18
0.8023845996732025,0.8039980257530567,0.8171875,gasp,104,52,52,26,0.2,5,5,5,20,GaussianProcessClassifier,None,experiment_1_date_2019-09-18
0.7787785947712417,0.7807180115635999,0.7942708333333334,gasp,104,52,52,26,0.2,5,5,5,20,GaussianProcessClassifier,None,experiment_1_date_2019-09-18
0.7449244281045752,0.7475174198240475,0.7647569444444444,gasp,104,52,52,26,0.2,5,5,5,20,GaussianProcessClassifier,None,experiment_1_date_2019-09-18
0.8116779003267973,0.8037952500500876,0.7946180555555556,gasp,104,52,52,26,0.2,5,5,5,20,GaussianProcessClassifier,None,experiment_1_date_2019-09-18
0.6953125,0.6905131737242804,0.7000000000000001,gasp,100,50,50,26,0.2,5,5,5,20,DecisionTreeClassifier,None,experiment_1_date_2019-09-18
0.6614736519607843,0.6567378145805003,0.664236111111111,gasp,104,52,52,26,0.2,5,5,5,20,DecisionTreeClassifier,None,experiment_1_date_2019-09-18
0.6551572712418301,0.6318807143149249,0.625,gasp,104,52,52,26,0.2,5,5,5,20,DecisionTreeClassifier,None,experiment_1_date_2019-09-18
0.6777216094771241,0.6703061490098272,0.664236111111111,gasp,104,52,52,26,0.2,5,5,5,20,DecisionTreeClassifier,None,experiment_1_date_2019-09-18
0.6800653594771241,0.6783181781024273,0.6956597222222222,gasp,104,52,52,26,0.2,5,5,5,20,DecisionTreeClassifier,None,experiment_1_date_2019-09-18
0.6703125,0.6290032478915992,0.5843750000000001,gasp,100,50,50,26,0.2,5,5,5,20,RandomForestClassifier,None,experiment_1_date_2019-09-18
0.6818116830065359,0.6431711989635751,0.5987847222222222,gasp,104,52,52,26,0.2,5,5,5,20,RandomForestClassifier,None,experiment_1_date_2019-09-18
0.6901909722222223,0.6455402182956362,0.5909722222222222,gasp,104,52,52,26,0.2,5,5,5,20,RandomForestClassifier,None,experiment_1_date_2019-09-18
0.6909211601307189,0.643458438169158,0.5913194444444445,gasp,104,52,52,26,0.2,5,5,5,20,RandomForestClassifier,None,experiment_1_date_2019-09-18
0.6867902369281046,0.6512514283102518,0.6079861111111111,gasp,104,52,52,26,0.2,5,5,5,20,RandomForestClassifier,None,experiment_1_date_2019-09-18
0.7210937500000001,0.7458191369193018,0.8156249999999999,gasp,100,50,50,26,0.2,5,5,5,20,GaussianNB,None,experiment_1_date_2019-09-18
0.6802287581699347,0.7037131613619028,0.7748263888888888,gasp,104,52,52,26,0.2,5,5,5,20,GaussianNB,None,experiment_1_date_2019-09-18
0.7010008169934641,0.7291044504619684,0.8076388888888889,gasp,104,52,52,26,0.2,5,5,5,20,GaussianNB,None,experiment_1_date_2019-09-18
0.7385161356209151,0.7440145885535995,0.7699652777777778,gasp,104,52,52,26,0.2,5,5,5,20,GaussianNB,None,experiment_1_date_2019-09-18
0.7128370098039216,0.7334660111784388,0.8031249999999999,gasp,104,52,52,26,0.2,5,5,5,20,GaussianNB,None,experiment_1_date_2019-09-18
0.7031249999999999,0.6963082007431853,0.7046875,gasp,100,50,50,26,0.2,5,5,5,20,AdaBoostClassifier,None,experiment_1_date_2019-09-18
0.7208384395424836,0.7207653135478214,0.7289930555555555,gasp,104,52,52,26,0.2,5,5,5,20,AdaBoostClassifier,None,experiment_1_date_2019-09-18
0.7080014297385621,0.7134258696510934,0.7399305555555555,gasp,104,52,52,26,0.2,5,5,5,20,AdaBoostClassifier,None,experiment_1_date_2019-09-18
0.6869893790849674,0.6730061715675106,0.6723958333333333,gasp,104,52,52,26,0.2,5,5,5,20,AdaBoostClassifier,None,experiment_1_date_2019-09-18
0.7076491013071895,0.7054180665181051,0.7074652777777777,gasp,104,52,52,26,0.2,5,5,5,20,AdaBoostClassifier,None,experiment_1_date_2019-09-18
0.79375,0.7893495085281075,0.7859375,gasp,100,50,50,26,0.2,5,5,5,20,MLPClassifier,None,experiment_1_date_2019-09-18
0.7955116421568628,0.7884566513852505,0.7831597222222222,gasp,104,52,52,26,0.2,5,5,5,20,MLPClassifier,None,experiment_1_date_2019-09-18
0.7724315767973857,0.7689538881740894,0.7809027777777778,gasp,104,52,52,26,0.2,5,5,5,20,MLPClassifier,None,experiment_1_date_2019-09-18
0.8093341503267972,0.8107962626683602,0.8282986111111111,gasp,104,52,52,26,0.2,5,5,5,20,MLPClassifier,None,experiment_1_date_2019-09-18
0.7665134803921569,0.7723132864232355,0.7951388888888888,gasp,104,52,52,26,0.2,5,5,5,20,MLPClassifier,None,experiment_1_date_2019-09-18
0.5238095238095238,0.6875000000000001,1.0,gasp,104,52,52,26,0.2,5,5,5,20,Sequential,model_layers=5
0.8656250000000001,0.8737762616855109,0.921875,gasp,100,50,50,26,0.2,5,5,5,20,Sequential,model_layers=5,experiment_1_date_2019-09-19
0.8731055964052288,0.8798063633348077,0.9248263888888889,gasp,104,52,52,26,0.2,5,5,5,20,Sequential,model_layers=5,experiment_1_date_2019-09-19
0.8652113970588234,0.8719706181761135,0.9215277777777778,gasp,104,52,52,26,0.2,5,5,5,20,Sequential,model_layers=5,experiment_1_date_2019-09-19
0.8725745506535947,0.8831024251805986,0.9501736111111111,gasp,104,52,52,26,0.2,5,5,5,20,Sequential,model_layers=5,experiment_1_date_2019-09-19
0.8657475490196078,0.874202003169689,0.9319444444444446,gasp,104,52,52,26,0.2,5,5,5,20,Sequential,model_layers=5,experiment_1_date_2019-09-19
0.6226562499999999,0.6192680135481993,0.6312500000000001,gasp,100,50,50,26,0.2,5,5,5,20,Id3Estimator,None,experiment_1_date_2019-09-19
0.6668096405228758,0.6514055899399653,0.6491319444444443,gasp,104,52,52,26,0.2,5,5,5,20,Id3Estimator,None,experiment_1_date_2019-09-19
0.6302083333333334,0.6210913995705017,0.6263888888888889,gasp,104,52,52,26,0.2,5,5,5,20,Id3Estimator,None,experiment_1_date_2019-09-19
0.640170547385621,0.6287532224061367,0.6347222222222222,gasp,104,52,52,26,0.2,5,5,5,20,Id3Estimator,None,experiment_1_date_2019-09-19
0.6365604575163398,0.6235592608248752,0.6274305555555555,gasp,104,52,52,26,0.2,5,5,5,20,Id3Estimator,None,experiment_1_date_2019-09-19
0.70234375,0.6667160596756185,0.621875,gasp,100,50,50,26,0.2,5,5,5,20,KNeighborsClassifier,None,experiment_1_date_2019-09-19
0.7153084150326796,0.6868013741504453,0.6435763888888888,gasp,104,52,52,26,0.2,5,5,5,20,KNeighborsClassifier,None,experiment_1_date_2019-09-19
0.7112234477124183,0.6829172490521175,0.6447916666666667,gasp,104,52,52,26,0.2,5,5,5,20,KNeighborsClassifier,None,experiment_1_date_2019-09-19
0.709329044117647,0.6700083924503429,0.6213541666666667,gasp,104,52,52,26,0.2,5,5,5,20,KNeighborsClassifier,None,experiment_1_date_2019-09-19
0.7183619281045752,0.6899618692710798,0.6581597222222222,gasp,104,52,52,26,0.2,5,5,5,20,KNeighborsClassifier,None,experiment_1_date_2019-09-19
0.67421875,0.6894705751120225,0.73125,gasp,100,50,50,26,0.2,5,5,5,20,SVC,None,experiment_1_date_2019-09-19
0.7627195669934641,0.7580202858502005,0.7765624999999999,gasp,104,52,52,26,0.2,5,5,5,20,SVC,None,experiment_1_date_2019-09-19
0.7245200163398693,0.7077931414560672,0.711284722222222,gasp,104,52,52,26,0.2,5,5,5,20,SVC,None,experiment_1_date_2019-09-19
0.6968086192810458,0.6919485683949693,0.7010416666666667,gasp,104,52,52,26,0.2,5,5,5,20,SVC,None,experiment_1_date_2019-09-19
0.7366830065359478,0.7332871508006956,0.7432291666666667,gasp,104,52,52,26,0.2,5,5,5,20,SVC,None,experiment_1_date_2019-09-19
0.54453125,0.6881761716544325,1.0,gasp,100,50,50,26,0.2,5,5,5,20,SVC,None,experiment_1_date_2019-09-19
0.5058823529411764,0.12131037078863166,0.17812500000000003,gasp,104,52,52,26,0.2,5,5,5,20,SVC,None,experiment_1_date_2019-09-19
0.5022058823529412,0.13178656126482213,0.2,gasp,104,52,52,26,0.2,5,5,5,20,SVC,None,experiment_1_date_2019-09-19
0.5088235294117647,0.12682552230378316,0.1875,gasp,104,52,52,26,0.2,5,5,5,20,SVC,None,experiment_1_date_2019-09-19
0.5066176470588235,0.1338445322793149,0.2,gasp,104,52,52,26,0.2,5,5,5,20,SVC,None,experiment_1_date_2019-09-19
0.77734375,0.7681158116694107,0.7515625,gasp,100,50,50,26,0.2,5,5,5,20,GaussianProcessClassifier,None,experiment_1_date_2019-09-19
0.7970435049019609,0.7883647438088228,0.7743055555555555,gasp,104,52,52,26,0.2,5,5,5,20,GaussianProcessClassifier,None,experiment_1_date_2019-09-19
0.8038041258169935,0.7977563931811222,0.7965277777777777,gasp,104,52,52,26,0.2,5,5,5,20,GaussianProcessClassifier,None,experiment_1_date_2019-09-19
0.7887561274509804,0.7739732603567743,0.7463541666666667,gasp,104,52,52,26,0.2,5,5,5,20,GaussianProcessClassifier,None,experiment_1_date_2019-09-19
0.7814644607843138,0.7568693072708166,0.7572916666666667,gasp,104,52,52,26,0.2,5,5,5,20,GaussianProcessClassifier,None,experiment_1_date_2019-09-19
0.625,0.6167114052098572,0.609375,gasp,100,50,50,26,0.2,5,5,5,20,DecisionTreeClassifier,None,experiment_1_date_2019-09-19
0.6116064133986928,0.5935660486744078,0.6008680555555556,gasp,104,52,52,26,0.2,5,5,5,20,DecisionTreeClassifier,None,experiment_1_date_2019-09-19
0.6119127859477125,0.5768077473137458,0.5694444444444445,gasp,104,52,52,26,0.2,5,5,5,20,DecisionTreeClassifier,None,experiment_1_date_2019-09-19
0.6100643382352942,0.5803942875150305,0.5737847222222221,gasp,104,52,52,26,0.2,5,5,5,20,DecisionTreeClassifier,None,experiment_1_date_2019-09-19
0.6910232843137255,0.6764395540604905,0.6704861111111111,gasp,104,52,52,26,0.2,5,5,5,20,DecisionTreeClassifier,None,experiment_1_date_2019-09-19
0.653125,0.609087228453521,0.5625,gasp,100,50,50,26,0.2,5,5,5,20,RandomForestClassifier,None,experiment_1_date_2019-09-19
0.6178155637254902,0.556832389102126,0.5055555555555555,gasp,104,52,52,26,0.2,5,5,5,20,RandomForestClassifier,None,experiment_1_date_2019-09-19
0.6629187091503268,0.6120245566482021,0.5565972222222222,gasp,104,52,52,26,0.2,5,5,5,20,RandomForestClassifier,None,experiment_1_date_2019-09-19
0.6523539624183007,0.5926388536177034,0.5326388888888889,gasp,104,52,52,26,0.2,5,5,5,20,RandomForestClassifier,None,experiment_1_date_2019-09-19
0.6541462418300653,0.5938590640525625,0.5399305555555556,gasp,104,52,52,26,0.2,5,5,5,20,RandomForestClassifier,None,experiment_1_date_2019-09-19
0.66328125,0.6837421206674301,0.7390625000000001,gasp,100,50,50,26,0.2,5,5,5,20,GaussianNB,None,experiment_1_date_2019-09-19
0.6992493872549019,0.7051050883960345,0.7414930555555554,gasp,104,52,52,26,0.2,5,5,5,20,GaussianNB,None,experiment_1_date_2019-09-19
0.7435712826797385,0.7351211149102016,0.7399305555555555,gasp,104,52,52,26,0.2,5,5,5,20,GaussianNB,None,experiment_1_date_2019-09-19
0.6729268790849672,0.686895305412308,0.7418402777777777,gasp,104,52,52,26,0.2,5,5,5,20,GaussianNB,None,experiment_1_date_2019-09-19
0.69500102124183,0.7084938065908755,0.7491319444444444,gasp,104,52,52,26,0.2,5,5,5,20,GaussianNB,None,experiment_1_date_2019-09-19
0.7078125,0.6978305471832948,0.6968750000000001,gasp,100,50,50,26,0.2,5,5,5,20,AdaBoostClassifier,None,experiment_1_date_2019-09-19
0.6817146650326797,0.6730645207260919,0.6756944444444445,gasp,104,52,52,26,0.2,5,5,5,20,AdaBoostClassifier,None,experiment_1_date_2019-09-19
0.6821997549019608,0.6660476362517771,0.6597222222222222,gasp,104,52,52,26,0.2,5,5,5,20,AdaBoostClassifier,None,experiment_1_date_2019-09-19
0.7233864379084967,0.7096078241522615,0.6975694444444445,gasp,104,52,52,26,0.2,5,5,5,20,AdaBoostClassifier,None,experiment_1_date_2019-09-19
0.6968749999999999,0.6725457100089454,0.6489583333333333,gasp,104,52,52,26,0.2,5,5,5,20,AdaBoostClassifier,None,experiment_1_date_2019-09-19
0.78046875,0.7714262092396768,0.7562500000000001,gasp,100,50,50,26,0.2,5,5,5,20,MLPClassifier,None,experiment_1_date_2019-09-19
0.7792738970588236,0.7699565122485015,0.7612847222222222,gasp,104,52,52,26,0.2,5,5,5,20,MLPClassifier,None,experiment_1_date_2019-09-19
0.7776348039215686,0.7669046692256831,0.7642361111111111,gasp,104,52,52,26,0.2,5,5,5,20,MLPClassifier,None,experiment_1_date_2019-09-19
0.7628216911764707,0.7423981621233944,0.7194444444444444,gasp,104,52,52,26,0.2,5,5,5,20,MLPClassifier,None,experiment_1_date_2019-09-19
0.7819240196078431,0.7721017865648283,0.7640624999999999,gasp,104,52,52,26,0.2,5,5,5,20,MLPClassifier,None,experiment_1_date_2019-09-19
0.8833333333333334,0.8885695703720085,0.9319444444444445,gasp,104,52,52,26,0.2,5,5,5,20,Sequential,model_layers=5,experiment_5_date_2019-09-20
0.6381944444444444,0.6181413184983231,0.6112847222222222,gasp,104,52,52,26,0.2,5,5,5,20,Id3Estimator,None,experiment_5_date_2019-09-20
0.7046466503267974,0.6847446434714237,0.6519097222222222,gasp,104,52,52,26,0.2,5,5,5,20,KNeighborsClassifier,None,experiment_5_date_2019-09-20
0.702859477124183,0.7097563295192939,0.7411458333333332,gasp,104,52,52,26,0.2,5,5,5,20,SVC,None,experiment_5_date_2019-09-20
0.5109630310457516,0.21940953973562666,0.32499999999999996,gasp,104,52,52,26,0.2,5,5,5,20,SVC,None,experiment_5_date_2019-09-20
0.7602685866013073,0.7481084336415219,0.7487847222222223,gasp,104,52,52,26,0.2,5,5,5,20,GaussianProcessClassifier,None,experiment_5_date_2019-09-20
0.616891339869281,0.6077319106547048,0.6124999999999999,gasp,104,52,52,26,0.2,5,5,5,20,DecisionTreeClassifier,None,experiment_5_date_2019-09-20
0.6545751633986928,0.5916853511125958,0.5376736111111111,gasp,104,52,52,26,0.2,5,5,5,20,RandomForestClassifier,None,experiment_5_date_2019-09-20
0.6790390114379085,0.687797959909028,0.7199652777777777,gasp,104,52,52,26,0.2,5,5,5,20,GaussianNB,None,experiment_5_date_2019-09-20
0.7059027777777778,0.7060212586765623,0.723611111111111,gasp,104,52,52,26,0.2,5,5,5,20,AdaBoostClassifier,None,experiment_5_date_2019-09-20
0.7614225898692809,0.7542812465742033,0.7486111111111111,gasp,104,52,52,26,0.2,5,5,5,20,MLPClassifier,None,experiment_5_date_2019-09-20
0.8773029003267974,0.8833504647871908,0.9265625000000002,gasp,104,52,52,26,0.2,5,5,5,20,Sequential,model_layers=5,experiment_5_date_2019-09-20
0.6690206290849673,0.6481114122590517,0.6397569444444444,gasp,104,52,52,26,0.2,5,5,5,20,Id3Estimator,None,experiment_5_date_2019-09-20
0.7036049836601308,0.6678361192041532,0.6244791666666666,gasp,104,52,52,26,0.2,5,5,5,20,KNeighborsClassifier,None,experiment_5_date_2019-09-20
0.741314338235294,0.7266561670828311,0.7203124999999999,gasp,104,52,52,26,0.2,5,5,5,20,SVC,None,experiment_5_date_2019-09-20
0.5029411764705882,0.13178656126482213,0.1984375,gasp,104,52,52,26,0.2,5,5,5,20,SVC,None,experiment_5_date_2019-09-20
0.754937704248366,0.7353974514907178,0.7131944444444444,gasp,104,52,52,26,0.2,5,5,5,20,GaussianProcessClassifier,None,experiment_5_date_2019-09-20
0.6319342320261438,0.6089992940496036,0.5996527777777777,gasp,104,52,52,26,0.2,5,5,5,20,DecisionTreeClassifier,None,experiment_5_date_2019-09-20
0.6541819852941176,0.5943789861669119,0.5383680555555556,gasp,104,52,52,26,0.2,5,5,5,20,RandomForestClassifier,None,experiment_5_date_2019-09-20
0.7098090277777778,0.7227110091855093,0.7614583333333333,gasp,104,52,52,26,0.2,5,5,5,20,GaussianNB,None,experiment_5_date_2019-09-20
0.6930198120915032,0.6843448423566458,0.6904513888888888,gasp,104,52,52,26,0.2,5,5,5,20,AdaBoostClassifier,None,experiment_5_date_2019-09-20
0.8102124183006537,0.8040183578031876,0.7930555555555555,gasp,104,52,52,26,0.2,5,5,5,20,MLPClassifier,None,experiment_5_date_2019-09-20
0.5238095238095238,0.6875000000000001,1.0,gasp,104,52,52,21,0.2,5,5,5,15,Sequential,model_layers=5
0.9174938725490195,0.9243448011182145,0.9803819444444445,gasp,104,52,52,21,0.2,5,5,5,15,Sequential,model_layers=5,experiment_5_date_2019-09-20
