total_accuracy,f1_cry,recall_cry,clf_label,total_samples,positives,negatives,total_features,test_size_ratio,folds,kfold_repeats,sampling_repeats,n_mfcc_amount,model_name,model_info,userInput
0.9328125,0.9345200711124625,0.9541666666666666,cry,150,75,75,26,0.2,5,5,5,20,Sequential,model_layers=5,experiment_1_date_2019-08-25
0.948828125,0.9496958196768445,0.9617187500000002,cry,200,100,100,26,0.2,5,5,5,20,Sequential,model_layers=5,experiment_1_date_2019-08-25
0.9490624999999999,0.9506227271141854,0.9681250000000001,cry,250,125,125,26,0.2,5,5,5,20,Sequential,model_layers=5,experiment_1_date_2019-08-25
0.9431818181818181,0.9449772647460087,0.9676136363636363,cry,276,138,138,26,0.2,5,5,5,20,Sequential,model_layers=5,experiment_1_date_2019-08-25
0.715625,0.7097968159936039,0.7093749999999999,cry,100,50,50,26,0.2,5,5,5,20,Id3Estimator,None,experiment_1_date_2019-08-25
0.7796875,0.7811668059934256,0.7947916666666668,cry,150,75,75,26,0.2,5,5,5,20,Id3Estimator,None,experiment_1_date_2019-08-25
0.7546875,0.7558730383040687,0.7656249999999999,cry,200,100,100,26,0.2,5,5,5,20,Id3Estimator,None,experiment_1_date_2019-08-25
0.77,0.7673250717326136,0.7625000000000001,cry,250,125,125,26,0.2,5,5,5,20,Id3Estimator,None,experiment_1_date_2019-08-25
0.7622159090909091,0.7621297436974535,0.7681818181818182,cry,276,138,138,26,0.2,5,5,5,20,Id3Estimator,None,experiment_1_date_2019-08-25
0.8179687499999999,0.8084059755818658,0.7890625,cry,100,50,50,26,0.2,5,5,5,20,KNeighborsClassifier,None,experiment_1_date_2019-08-25
0.8067708333333333,0.7915516820906429,0.7458333333333333,cry,150,75,75,26,0.2,5,5,5,20,KNeighborsClassifier,None,experiment_1_date_2019-08-25
0.85234375,0.8504094028321827,0.8484375,cry,200,100,100,26,0.2,5,5,5,20,KNeighborsClassifier,None,experiment_1_date_2019-08-25
0.8628125,0.8591315636655419,0.840625,cry,250,125,125,26,0.2,5,5,5,20,KNeighborsClassifier,None,experiment_1_date_2019-08-25
0.8610795454545455,0.858693823579421,0.8454545454545455,cry,276,138,138,26,0.2,5,5,5,20,KNeighborsClassifier,None,experiment_1_date_2019-08-25
0.70078125,0.6821211294295659,0.6593749999999999,cry,100,50,50,26,0.2,5,5,5,20,SVC,None,experiment_1_date_2019-08-25
0.7848958333333333,0.7765865266909091,0.7677083333333334,cry,150,75,75,26,0.2,5,5,5,20,SVC,None,experiment_1_date_2019-08-25
0.7722656250000001,0.7665361405577198,0.7546875,cry,200,100,100,26,0.2,5,5,5,20,SVC,None,experiment_1_date_2019-08-25
0.8087499999999999,0.7994318745707525,0.7687499999999999,cry,250,125,125,26,0.2,5,5,5,20,SVC,None,experiment_1_date_2019-08-25
0.7988636363636364,0.7966937988316996,0.790340909090909,cry,276,138,138,26,0.2,5,5,5,20,SVC,None,experiment_1_date_2019-08-25
0.6656249999999999,0.7527697867858052,1.0,cry,100,50,50,26,0.2,5,5,5,20,SVC,None,experiment_1_date_2019-08-25
0.7046875,0.7712790004767202,0.9927083333333333,cry,150,75,75,26,0.2,5,5,5,20,SVC,None,experiment_1_date_2019-08-25
0.705859375,0.7748133110730151,1.0,cry,200,100,100,26,0.2,5,5,5,20,SVC,None,experiment_1_date_2019-08-25
0.7306250000000001,0.7889281471707534,0.9975,cry,250,125,125,26,0.2,5,5,5,20,SVC,None,experiment_1_date_2019-08-25
0.7238636363636364,0.785235167836418,1.0,cry,276,138,138,26,0.2,5,5,5,20,SVC,None,experiment_1_date_2019-08-25
0.7929687499999999,0.7931133380078813,0.8078125,cry,100,50,50,26,0.2,5,5,5,20,GaussianProcessClassifier,None,experiment_1_date_2019-08-25
0.8505208333333333,0.8471329955640596,0.8364583333333334,cry,150,75,75,26,0.2,5,5,5,20,GaussianProcessClassifier,None,experiment_1_date_2019-08-25
0.8472656249999999,0.843476926764262,0.83046875,cry,200,100,100,26,0.2,5,5,5,20,GaussianProcessClassifier,None,experiment_1_date_2019-08-25
0.8525,0.8496012470952929,0.839375,cry,250,125,125,26,0.2,5,5,5,20,GaussianProcessClassifier,None,experiment_1_date_2019-08-25
0.8602272727272727,0.8579280442536866,0.8477272727272727,cry,276,138,138,26,0.2,5,5,5,20,GaussianProcessClassifier,None,experiment_1_date_2019-08-25
0.73046875,0.7298752204537808,0.7421875,cry,100,50,50,26,0.2,5,5,5,20,DecisionTreeClassifier,None,experiment_1_date_2019-08-25
0.7739583333333332,0.7746546757099013,0.7833333333333333,cry,150,75,75,26,0.2,5,5,5,20,DecisionTreeClassifier,None,experiment_1_date_2019-08-25
0.78515625,0.7885212703056269,0.80390625,cry,200,100,100,26,0.2,5,5,5,20,DecisionTreeClassifier,None,experiment_1_date_2019-08-25
0.7643749999999999,0.7647689599796595,0.7725000000000001,cry,250,125,125,26,0.2,5,5,5,20,DecisionTreeClassifier,None,experiment_1_date_2019-08-25
0.7948863636363637,0.7951881311434004,0.7988636363636364,cry,276,138,138,26,0.2,5,5,5,20,DecisionTreeClassifier,None,experiment_1_date_2019-08-25
0.76484375,0.738507948449899,0.7093750000000001,cry,100,50,50,26,0.2,5,5,5,20,RandomForestClassifier,None,experiment_1_date_2019-08-25
0.7765625,0.7692604861266781,0.7541666666666667,cry,150,75,75,26,0.2,5,5,5,20,RandomForestClassifier,None,experiment_1_date_2019-08-25
0.7847656249999999,0.7757478707582377,0.75625,cry,200,100,100,26,0.2,5,5,5,20,RandomForestClassifier,None,experiment_1_date_2019-08-25
0.81125,0.8033829586239196,0.781875,cry,250,125,125,26,0.2,5,5,5,20,RandomForestClassifier,None,experiment_1_date_2019-08-25
0.8036931818181818,0.7980767439830116,0.78125,cry,276,138,138,26,0.2,5,5,5,20,RandomForestClassifier,None,experiment_1_date_2019-08-25
0.7187500000000001,0.7137894360756203,0.7140625,cry,100,50,50,26,0.2,5,5,5,20,GaussianNB,None,experiment_1_date_2019-08-25
0.7557291666666668,0.739958720685226,0.71875,cry,150,75,75,26,0.2,5,5,5,20,GaussianNB,None,experiment_1_date_2019-08-25
0.7511718749999999,0.7466394417783799,0.7421874999999999,cry,200,100,100,26,0.2,5,5,5,20,GaussianNB,None,experiment_1_date_2019-08-25
0.7271875000000001,0.7428151600612495,0.7787499999999999,cry,250,125,125,26,0.2,5,5,5,20,GaussianNB,None,experiment_1_date_2019-08-25
0.7275568181818182,0.7169500799971302,0.6948863636363636,cry,276,138,138,26,0.2,5,5,5,20,GaussianNB,None,experiment_1_date_2019-08-25
0.715625,0.7113040189085081,0.7109375,cry,100,50,50,26,0.2,5,5,5,20,AdaBoostClassifier,None,experiment_1_date_2019-08-25
0.7942708333333333,0.7929276523518711,0.796875,cry,150,75,75,26,0.2,5,5,5,20,AdaBoostClassifier,None,experiment_1_date_2019-08-25
0.786328125,0.7850024507348821,0.7875000000000001,cry,200,100,100,26,0.2,5,5,5,20,AdaBoostClassifier,None,experiment_1_date_2019-08-25
0.798125,0.79644263664517,0.80125,cry,250,125,125,26,0.2,5,5,5,20,AdaBoostClassifier,None,experiment_1_date_2019-08-25
0.8048295454545454,0.8062383750362464,0.8136363636363637,cry,276,138,138,26,0.2,5,5,5,20,AdaBoostClassifier,None,experiment_1_date_2019-08-25
0.8203125,0.8181788334429588,0.815625,cry,100,50,50,26,0.2,5,5,5,20,MLPClassifier,None,experiment_1_date_2019-08-25
0.8515624999999999,0.8525952767039723,0.8552083333333332,cry,150,75,75,26,0.2,5,5,5,20,MLPClassifier,None,experiment_1_date_2019-08-25
0.8410156249999999,0.8419466545117212,0.84921875,cry,200,100,100,26,0.2,5,5,5,20,MLPClassifier,None,experiment_1_date_2019-08-25
0.830625,0.8310816658325416,0.8375,cry,250,125,125,26,0.2,5,5,5,20,MLPClassifier,None,experiment_1_date_2019-08-25
0.8389204545454545,0.8374251666706358,0.8340909090909091,cry,276,138,138,26,0.2,5,5,5,20,MLPClassifier,None,experiment_1_date_2019-08-25
0.8272727272727273,0.8330070729190229,0.8579545454545454,cry,276,138,138,7,0.2,5,5,5,1,Sequential,model_layers=5,experiment_2_date_2019-08-25
0.7474431818181819,0.7426714604944356,0.7380681818181818,cry,276,138,138,7,0.2,5,5,5,1,Id3Estimator,None,experiment_2_date_2019-08-25
0.7698863636363636,0.7759799295453742,0.797159090909091,cry,276,138,138,7,0.2,5,5,5,1,KNeighborsClassifier,None,experiment_2_date_2019-08-25
0.6980113636363636,0.6845355083814257,0.6647727272727273,cry,276,138,138,7,0.2,5,5,5,1,SVC,None,experiment_2_date_2019-08-25
0.7934659090909091,0.790816986784703,0.7852272727272729,cry,276,138,138,7,0.2,5,5,5,1,SVC,None,experiment_2_date_2019-08-25
0.7988636363636363,0.8017842965170916,0.8193181818181818,cry,276,138,138,7,0.2,5,5,5,1,GaussianProcessClassifier,None,experiment_2_date_2019-08-25
0.7571022727272727,0.7556942106395835,0.7562500000000001,cry,276,138,138,7,0.2,5,5,5,1,DecisionTreeClassifier,None,experiment_2_date_2019-08-25
0.7684659090909092,0.7589618255844155,0.7357954545454546,cry,276,138,138,7,0.2,5,5,5,1,RandomForestClassifier,None,experiment_2_date_2019-08-25
0.6244318181818181,0.6613787592176514,0.7340909090909091,cry,276,138,138,7,0.2,5,5,5,1,GaussianNB,None,experiment_2_date_2019-08-25
0.7213068181818182,0.7177233780064839,0.7113636363636364,cry,276,138,138,7,0.2,5,5,5,1,AdaBoostClassifier,None,experiment_2_date_2019-08-25
0.7889204545454545,0.787789376237406,0.7943181818181819,cry,276,138,138,7,0.2,5,5,5,1,MLPClassifier,None,experiment_2_date_2019-08-25
0.8812500000000001,0.8851994876229596,0.9096590909090909,cry,276,138,138,11,0.2,5,5,5,5,Sequential,model_layers=5,experiment_2_date_2019-08-25
0.7846590909090909,0.7810665368489287,0.7784090909090908,cry,276,138,138,11,0.2,5,5,5,5,Id3Estimator,None,experiment_2_date_2019-08-25
0.8119318181818183,0.8187869188168152,0.8494318181818181,cry,276,138,138,11,0.2,5,5,5,5,KNeighborsClassifier,None,experiment_2_date_2019-08-25
0.7278409090909091,0.7182851894254552,0.7011363636363637,cry,276,138,138,11,0.2,5,5,5,5,SVC,None,experiment_2_date_2019-08-25
0.7872159090909092,0.823463556821269,0.9829545454545455,cry,276,138,138,11,0.2,5,5,5,5,SVC,None,experiment_2_date_2019-08-25
0.8303977272727272,0.8337480938398865,0.8545454545454545,cry,276,138,138,11,0.2,5,5,5,5,GaussianProcessClassifier,None,experiment_2_date_2019-08-25
0.7755681818181819,0.7778991816860499,0.790340909090909,cry,276,138,138,11,0.2,5,5,5,5,DecisionTreeClassifier,None,experiment_2_date_2019-08-25
0.7994318181818181,0.7919385656109311,0.772159090909091,cry,276,138,138,11,0.2,5,5,5,5,RandomForestClassifier,None,experiment_2_date_2019-08-25
0.6744318181818182,0.6706935950963997,0.6704545454545454,cry,276,138,138,11,0.2,5,5,5,5,GaussianNB,None,experiment_2_date_2019-08-25
0.8176136363636364,0.8168505273020636,0.81875,cry,276,138,138,11,0.2,5,5,5,5,AdaBoostClassifier,None,experiment_2_date_2019-08-25
0.8150568181818182,0.8165323784459142,0.8267045454545454,cry,276,138,138,11,0.2,5,5,5,5,MLPClassifier,None,experiment_2_date_2019-08-25
0.8713068181818182,0.8673962110166358,0.8465909090909091,cry,276,138,138,16,0.2,5,5,5,10,Sequential,model_layers=5,experiment_2_date_2019-08-25
0.7781250000000001,0.7752191188816058,0.7704545454545455,cry,276,138,138,16,0.2,5,5,5,10,Id3Estimator,None,experiment_2_date_2019-08-25
0.8357954545454546,0.8353870884312085,0.8403409090909091,cry,276,138,138,16,0.2,5,5,5,10,KNeighborsClassifier,None,experiment_2_date_2019-08-25
0.7238636363636364,0.7121394890156625,0.6852272727272727,cry,276,138,138,16,0.2,5,5,5,10,SVC,None,experiment_2_date_2019-08-25
0.7633522727272728,0.8102122972080129,0.9977272727272728,cry,276,138,138,16,0.2,5,5,5,10,SVC,None,experiment_2_date_2019-08-25
0.8576704545454545,0.8573461156913027,0.8568181818181819,cry,276,138,138,16,0.2,5,5,5,10,GaussianProcessClassifier,None,experiment_2_date_2019-08-25
0.7744318181818182,0.774089409645143,0.7795454545454545,cry,276,138,138,16,0.2,5,5,5,10,DecisionTreeClassifier,None,experiment_2_date_2019-08-25
0.7857954545454546,0.7763221503687446,0.7477272727272728,cry,276,138,138,16,0.2,5,5,5,10,RandomForestClassifier,None,experiment_2_date_2019-08-25
0.6676136363636365,0.6444776045167662,0.615340909090909,cry,276,138,138,16,0.2,5,5,5,10,GaussianNB,None,experiment_2_date_2019-08-25
0.7838068181818181,0.784891347738804,0.7892045454545453,cry,276,138,138,16,0.2,5,5,5,10,AdaBoostClassifier,None,experiment_2_date_2019-08-25
0.8181818181818182,0.8169816860816015,0.8170454545454546,cry,276,138,138,16,0.2,5,5,5,10,MLPClassifier,None,experiment_2_date_2019-08-25
0.8982954545454546,0.8973327205277457,0.8920454545454545,cry,276,138,138,18,0.2,5,5,5,12,Sequential,model_layers=5,experiment_2_date_2019-08-25
0.805965909090909,0.8067920549312777,0.8164772727272728,cry,276,138,138,18,0.2,5,5,5,12,Id3Estimator,None,experiment_2_date_2019-08-25
0.8380681818181819,0.8352443461208058,0.822159090909091,cry,276,138,138,18,0.2,5,5,5,12,KNeighborsClassifier,None,experiment_2_date_2019-08-25
0.7457386363636364,0.7279223330457043,0.6869318181818181,cry,276,138,138,18,0.2,5,5,5,12,SVC,None,experiment_2_date_2019-08-25
0.7568181818181818,0.8056629532419194,1.0,cry,276,138,138,18,0.2,5,5,5,12,SVC,None,experiment_2_date_2019-08-25
0.8440340909090909,0.8441868500058661,0.8511363636363636,cry,276,138,138,18,0.2,5,5,5,12,GaussianProcessClassifier,None,experiment_2_date_2019-08-25
0.8036931818181818,0.802859866661713,0.8045454545454546,cry,276,138,138,18,0.2,5,5,5,12,DecisionTreeClassifier,None,experiment_2_date_2019-08-25
0.8011363636363635,0.7944994535167392,0.7761363636363636,cry,276,138,138,18,0.2,5,5,5,12,RandomForestClassifier,None,experiment_2_date_2019-08-25
0.6778409090909091,0.6700580335097512,0.6568181818181817,cry,276,138,138,18,0.2,5,5,5,12,GaussianNB,None,experiment_2_date_2019-08-25
0.8099431818181817,0.8119081442355147,0.8244318181818182,cry,276,138,138,18,0.2,5,5,5,12,AdaBoostClassifier,None,experiment_2_date_2019-08-25
0.8068181818181819,0.8043567403611354,0.8005681818181818,cry,276,138,138,18,0.2,5,5,5,12,MLPClassifier,None,experiment_2_date_2019-08-25
0.9034090909090908,0.9086597574492955,0.9477272727272728,cry,276,138,138,21,0.2,5,5,5,15,Sequential,model_layers=5,experiment_2_date_2019-08-25
0.7917613636363636,0.7912995576102149,0.7960227272727272,cry,276,138,138,21,0.2,5,5,5,15,Id3Estimator,None,experiment_2_date_2019-08-25
0.8403409090909092,0.8356185746214583,0.8193181818181818,cry,276,138,138,21,0.2,5,5,5,15,KNeighborsClassifier,None,experiment_2_date_2019-08-25
0.803409090909091,0.7923028255973611,0.7573863636363636,cry,276,138,138,21,0.2,5,5,5,15,SVC,None,experiment_2_date_2019-08-25
0.7494318181818183,0.8015180348192964,1.0,cry,276,138,138,21,0.2,5,5,5,15,SVC,None,experiment_2_date_2019-08-25
0.8514204545454545,0.8493519618585819,0.8426136363636363,cry,276,138,138,21,0.2,5,5,5,15,GaussianProcessClassifier,None,experiment_2_date_2019-08-25
0.7917613636363636,0.7910989034158122,0.7931818181818182,cry,276,138,138,21,0.2,5,5,5,15,DecisionTreeClassifier,None,experiment_2_date_2019-08-25
0.7948863636363637,0.7843525344384243,0.7539772727272728,cry,276,138,138,21,0.2,5,5,5,15,RandomForestClassifier,None,experiment_2_date_2019-08-25
0.7511363636363637,0.7442736666751202,0.7318181818181818,cry,276,138,138,21,0.2,5,5,5,15,GaussianNB,None,experiment_2_date_2019-08-25
0.8011363636363635,0.799774180910483,0.7982954545454546,cry,276,138,138,21,0.2,5,5,5,15,AdaBoostClassifier,None,experiment_2_date_2019-08-25
0.8389204545454545,0.8352765724222215,0.8261363636363637,cry,276,138,138,21,0.2,5,5,5,15,MLPClassifier,None,experiment_2_date_2019-08-25
0.9201704545454545,0.9228492424432178,0.9443181818181818,cry,276,138,138,26,0.2,5,5,5,20,Sequential,model_layers=5,experiment_2_date_2019-08-25
0.7852272727272727,0.7848338426262245,0.7880681818181818,cry,276,138,138,26,0.2,5,5,5,20,Id3Estimator,None,experiment_2_date_2019-08-25
0.8414772727272727,0.8356578532383322,0.8136363636363636,cry,276,138,138,26,0.2,5,5,5,20,KNeighborsClassifier,None,experiment_2_date_2019-08-25
0.7732954545454545,0.7648488976705544,0.7465909090909091,cry,276,138,138,26,0.2,5,5,5,20,SVC,None,experiment_2_date_2019-08-25
0.7323863636363637,0.7899977735343954,1.0,cry,276,138,138,26,0.2,5,5,5,20,SVC,None,experiment_2_date_2019-08-25
0.8599431818181817,0.8597154396801309,0.85625,cry,276,138,138,26,0.2,5,5,5,20,GaussianProcessClassifier,None,experiment_2_date_2019-08-25
0.7957386363636364,0.7947063547006066,0.7982954545454546,cry,276,138,138,26,0.2,5,5,5,20,DecisionTreeClassifier,None,experiment_2_date_2019-08-25
0.8105113636363637,0.8052786032715091,0.7852272727272727,cry,276,138,138,26,0.2,5,5,5,20,RandomForestClassifier,None,experiment_2_date_2019-08-25
0.7553977272727272,0.7494781073439661,0.7352272727272727,cry,276,138,138,26,0.2,5,5,5,20,GaussianNB,None,experiment_2_date_2019-08-25
0.8215909090909091,0.8228330660460537,0.8306818181818181,cry,276,138,138,26,0.2,5,5,5,20,AdaBoostClassifier,None,experiment_2_date_2019-08-25
0.8423295454545455,0.8419378631907398,0.8443181818181819,cry,276,138,138,26,0.2,5,5,5,20,MLPClassifier,None,experiment_2_date_2019-08-25
0.9011363636363636,0.9061443116458214,0.9448863636363637,cry,276,138,138,31,0.2,5,5,5,25,Sequential,model_layers=5,experiment_2_date_2019-08-25
0.7701704545454546,0.7691987912309807,0.7704545454545454,cry,276,138,138,31,0.2,5,5,5,25,Id3Estimator,None,experiment_2_date_2019-08-25
0.8451704545454545,0.8397185897517442,0.8170454545454545,cry,276,138,138,31,0.2,5,5,5,25,KNeighborsClassifier,None,experiment_2_date_2019-08-25
0.7860795454545454,0.7799540665162688,0.7630681818181819,cry,276,138,138,31,0.2,5,5,5,25,SVC,None,experiment_2_date_2019-08-25
0.7062499999999999,0.774325504701523,1.0,cry,276,138,138,31,0.2,5,5,5,25,SVC,None,experiment_2_date_2019-08-25
0.8451704545454545,0.8460475345014492,0.8517045454545454,cry,276,138,138,31,0.2,5,5,5,25,GaussianProcessClassifier,None,experiment_2_date_2019-08-25
0.7659090909090909,0.7643204101184329,0.7647727272727274,cry,276,138,138,31,0.2,5,5,5,25,DecisionTreeClassifier,None,experiment_2_date_2019-08-25
0.8048295454545454,0.7967697684391364,0.7727272727272728,cry,276,138,138,31,0.2,5,5,5,25,RandomForestClassifier,None,experiment_2_date_2019-08-25
0.7681818181818183,0.7644683213692806,0.7562500000000001,cry,276,138,138,31,0.2,5,5,5,25,GaussianNB,None,experiment_2_date_2019-08-25
0.796590909090909,0.7966470006713342,0.8005681818181818,cry,276,138,138,31,0.2,5,5,5,25,AdaBoostClassifier,None,experiment_2_date_2019-08-25
0.8471590909090909,0.8482816414516317,0.8534090909090909,cry,276,138,138,31,0.2,5,5,5,25,MLPClassifier,None,experiment_2_date_2019-08-25
0.9204545454545455,0.9220929275687675,0.9363636363636363,cry,276,138,138,36,0.2,5,5,5,30,Sequential,model_layers=5,experiment_2_date_2019-08-25
0.8073863636363635,0.804752140971007,0.803409090909091,cry,276,138,138,36,0.2,5,5,5,30,Id3Estimator,None,experiment_2_date_2019-08-25
0.8485795454545455,0.8403168105062587,0.8045454545454545,cry,276,138,138,36,0.2,5,5,5,30,KNeighborsClassifier,None,experiment_2_date_2019-08-25
0.8264204545454545,0.8252652041923045,0.8232954545454547,cry,276,138,138,36,0.2,5,5,5,30,SVC,None,experiment_2_date_2019-08-25
0.678409090909091,0.7574242607274191,0.9977272727272728,cry,276,138,138,36,0.2,5,5,5,30,SVC,None,experiment_2_date_2019-08-25
0.8338068181818181,0.8330013189341344,0.8318181818181818,cry,276,138,138,36,0.2,5,5,5,30,GaussianProcessClassifier,None,experiment_2_date_2019-08-25
0.7909090909090909,0.7893610841159506,0.7926136363636364,cry,276,138,138,36,0.2,5,5,5,30,DecisionTreeClassifier,None,experiment_2_date_2019-08-25
0.7971590909090909,0.7887966516920699,0.7681818181818182,cry,276,138,138,36,0.2,5,5,5,30,RandomForestClassifier,None,experiment_2_date_2019-08-25
0.7869318181818182,0.7799263069524346,0.7619318181818182,cry,276,138,138,36,0.2,5,5,5,30,GaussianNB,None,experiment_2_date_2019-08-25
0.803125,0.8037831237044073,0.8102272727272728,cry,276,138,138,36,0.2,5,5,5,30,AdaBoostClassifier,None,experiment_2_date_2019-08-25
0.8386363636363636,0.8377281792074965,0.8386363636363636,cry,276,138,138,36,0.2,5,5,5,30,MLPClassifier,None,experiment_2_date_2019-08-25
0.8980113636363636,0.898662197719698,0.9045454545454545,cry,276,138,138,41,0.2,5,5,5,35,Sequential,model_layers=5,experiment_2_date_2019-08-25
0.7593749999999999,0.7596597047030126,0.765909090909091,cry,276,138,138,41,0.2,5,5,5,35,Id3Estimator,None,experiment_2_date_2019-08-25
0.8431818181818183,0.8339673866576234,0.8,cry,276,138,138,41,0.2,5,5,5,35,KNeighborsClassifier,None,experiment_2_date_2019-08-25
0.8187500000000001,0.8126539188321289,0.7960227272727272,cry,276,138,138,41,0.2,5,5,5,35,SVC,None,experiment_2_date_2019-08-25
0.6644886363636363,0.7498830077485832,1.0,cry,276,138,138,41,0.2,5,5,5,35,SVC,None,experiment_2_date_2019-08-25
0.8411931818181819,0.8426081059696506,0.85,cry,276,138,138,41,0.2,5,5,5,35,GaussianProcessClassifier,None,experiment_2_date_2019-08-25
0.7928977272727272,0.7929928774638709,0.7994318181818181,cry,276,138,138,41,0.2,5,5,5,35,DecisionTreeClassifier,None,experiment_2_date_2019-08-25
0.7951704545454545,0.7883362648235503,0.7693181818181818,cry,276,138,138,41,0.2,5,5,5,35,RandomForestClassifier,None,experiment_2_date_2019-08-25
0.7639204545454545,0.7616045778856158,0.7596590909090909,cry,276,138,138,41,0.2,5,5,5,35,GaussianNB,None,experiment_2_date_2019-08-25
0.8011363636363636,0.8017764005408801,0.8119318181818183,cry,276,138,138,41,0.2,5,5,5,35,AdaBoostClassifier,None,experiment_2_date_2019-08-25
0.8480113636363635,0.8480865305951857,0.8556818181818182,cry,276,138,138,41,0.2,5,5,5,35,MLPClassifier,None,experiment_2_date_2019-08-25
0.9224431818181817,0.9245073082541199,0.9426136363636364,cry,276,138,138,46,0.2,5,5,5,40,Sequential,model_layers=5,experiment_2_date_2019-08-25
0.7801136363636363,0.7804298699424042,0.7857954545454545,cry,276,138,138,46,0.2,5,5,5,40,Id3Estimator,None,experiment_2_date_2019-08-25
0.8289772727272727,0.820020547287619,0.7880681818181818,cry,276,138,138,46,0.2,5,5,5,40,KNeighborsClassifier,None,experiment_2_date_2019-08-25
0.8238636363636364,0.8231218399903966,0.8238636363636364,cry,276,138,138,46,0.2,5,5,5,40,SVC,None,experiment_2_date_2019-08-25
0.6272727272727272,0.7294975559240351,1.0,cry,276,138,138,46,0.2,5,5,5,40,SVC,None,experiment_2_date_2019-08-25
0.8360795454545455,0.834982047738602,0.8363636363636364,cry,276,138,138,46,0.2,5,5,5,40,GaussianProcessClassifier,None,experiment_2_date_2019-08-25
0.7769886363636364,0.7759622815659302,0.7772727272727273,cry,276,138,138,46,0.2,5,5,5,40,DecisionTreeClassifier,None,experiment_2_date_2019-08-25
0.7957386363636364,0.792066277546827,0.7869318181818181,cry,276,138,138,46,0.2,5,5,5,40,RandomForestClassifier,None,experiment_2_date_2019-08-25
0.7735795454545454,0.7767254888753108,0.790340909090909,cry,276,138,138,46,0.2,5,5,5,40,GaussianNB,None,experiment_2_date_2019-08-25
0.8073863636363636,0.8084597556153953,0.8181818181818181,cry,276,138,138,46,0.2,5,5,5,40,AdaBoostClassifier,None,experiment_2_date_2019-08-25
0.8573863636363637,0.8597508418747076,0.8755681818181819,cry,276,138,138,46,0.2,5,5,5,40,MLPClassifier,None,experiment_2_date_2019-08-25
0.9508522727272728,0.952160635839461,0.9704545454545455,cry,276,138,138,26,0.2,5,5,5,20,Sequential,model_layers=5,experiment_5_date_2019-08-26
0.756534090909091,0.7546888972947061,0.7568181818181818,cry,276,138,138,26,0.2,5,5,5,20,Id3Estimator,None,experiment_5_date_2019-08-26
0.8505681818181818,0.8479386252351044,0.8346590909090909,cry,276,138,138,26,0.2,5,5,5,20,KNeighborsClassifier,None,experiment_5_date_2019-08-26
0.7781250000000001,0.7692636345714958,0.7431818181818182,cry,276,138,138,26,0.2,5,5,5,20,SVC,None,experiment_5_date_2019-08-26
0.7318181818181819,0.7897271190394495,1.0,cry,276,138,138,26,0.2,5,5,5,20,SVC,None,experiment_5_date_2019-08-26
0.8355113636363637,0.8362611297604463,0.8426136363636364,cry,276,138,138,26,0.2,5,5,5,20,GaussianProcessClassifier,None,experiment_5_date_2019-08-26
0.7988636363636363,0.7975255827694111,0.797159090909091,cry,276,138,138,26,0.2,5,5,5,20,DecisionTreeClassifier,None,experiment_5_date_2019-08-26
0.7889204545454545,0.7803342901716671,0.759090909090909,cry,276,138,138,26,0.2,5,5,5,20,RandomForestClassifier,None,experiment_5_date_2019-08-26
0.7647727272727273,0.754946849154944,0.7346590909090909,cry,276,138,138,26,0.2,5,5,5,20,GaussianNB,None,experiment_5_date_2019-08-26
0.8019886363636364,0.8027262172153729,0.8079545454545455,cry,276,138,138,26,0.2,5,5,5,20,AdaBoostClassifier,None,experiment_5_date_2019-08-26
0.8440340909090909,0.8424536766870817,0.8426136363636363,cry,276,138,138,26,0.2,5,5,5,20,MLPClassifier,None,experiment_5_date_2019-08-26
0.5,0.6666666666666666,1.0,cry,276,138,138,21,0.2,5,5,5,15,Sequential,model_layers=5
0.91875,0.9233380542852165,0.9681818181818181,cry,276,138,138,21,0.2,5,5,5,15,Sequential,model_layers=5,experiment_5_date_2019-08-26
0.947159090909091,0.9480947550098486,0.9619318181818182,cry,276,138,138,26,0.2,5,5,5,20,Sequential,model_layers=5,experiment_5_date_2019-08-31
0.953125,0.9554139791881665,0.9734375,cry,100,50,50,26,0.2,5,5,5,20,Sequential,model_layers=5,experiment_1_date_2019-08-31lev_tests_generic_ignore_scores
0.9703125000000001,0.9704505295429208,0.9729166666666667,cry,150,75,75,26,0.2,5,5,5,20,Sequential,model_layers=5,experiment_1_date_2019-08-31lev_tests_generic_ignore_scores
0.936328125,0.9384742078038448,0.9609375,cry,200,100,100,26,0.2,5,5,5,20,Sequential,model_layers=5,experiment_1_date_2019-08-31lev_tests_generic_ignore_scores
0.9256249999999999,0.9286956435758567,0.96,cry,250,125,125,26,0.2,5,5,5,20,Sequential,model_layers=5,experiment_1_date_2019-08-31lev_tests_generic_ignore_scores
0.946590909090909,0.9480208209110781,0.9636363636363636,cry,276,138,138,26,0.2,5,5,5,20,Sequential,model_layers=5,experiment_1_date_2019-08-31lev_tests_generic_ignore_scores
0.71796875,0.7127331400754389,0.7250000000000001,cry,100,50,50,26,0.2,5,5,5,20,Id3Estimator,None,experiment_1_date_2019-08-31lev_tests_generic_ignore_scores
0.7328125,0.7242973418064556,0.7166666666666667,cry,150,75,75,26,0.2,5,5,5,20,Id3Estimator,None,experiment_1_date_2019-08-31lev_tests_generic_ignore_scores
0.7746093749999999,0.7750370000343462,0.78046875,cry,200,100,100,26,0.2,5,5,5,20,Id3Estimator,None,experiment_1_date_2019-08-31lev_tests_generic_ignore_scores
0.7684374999999999,0.7672360116224355,0.7662500000000001,cry,250,125,125,26,0.2,5,5,5,20,Id3Estimator,None,experiment_1_date_2019-08-31lev_tests_generic_ignore_scores
0.7855113636363636,0.7809482817659013,0.7744318181818182,cry,276,138,138,26,0.2,5,5,5,20,Id3Estimator,None,experiment_1_date_2019-08-31lev_tests_generic_ignore_scores
0.7781250000000001,0.7598541997003685,0.740625,cry,100,50,50,26,0.2,5,5,5,20,KNeighborsClassifier,None,experiment_1_date_2019-08-31lev_tests_generic_ignore_scores
0.8421875,0.8360156927994457,0.8302083333333334,cry,150,75,75,26,0.2,5,5,5,20,KNeighborsClassifier,None,experiment_1_date_2019-08-31lev_tests_generic_ignore_scores
0.8515625,0.8499367684888544,0.8460937500000001,cry,200,100,100,26,0.2,5,5,5,20,KNeighborsClassifier,None,experiment_1_date_2019-08-31lev_tests_generic_ignore_scores
0.8571875,0.8524899683365554,0.8312499999999998,cry,250,125,125,26,0.2,5,5,5,20,KNeighborsClassifier,None,experiment_1_date_2019-08-31lev_tests_generic_ignore_scores
0.8559659090909091,0.8486564281501137,0.8147727272727272,cry,276,138,138,26,0.2,5,5,5,20,KNeighborsClassifier,None,experiment_1_date_2019-08-31lev_tests_generic_ignore_scores
0.75078125,0.7355342799615245,0.715625,cry,100,50,50,26,0.2,5,5,5,20,SVC,None,experiment_1_date_2019-08-31lev_tests_generic_ignore_scores
0.7432291666666666,0.7310664842991541,0.7104166666666666,cry,150,75,75,26,0.2,5,5,5,20,SVC,None,experiment_1_date_2019-08-31lev_tests_generic_ignore_scores
0.760546875,0.7558143305830733,0.7523437500000001,cry,200,100,100,26,0.2,5,5,5,20,SVC,None,experiment_1_date_2019-08-31lev_tests_generic_ignore_scores
0.788125,0.7835097677576676,0.7718750000000001,cry,250,125,125,26,0.2,5,5,5,20,SVC,None,experiment_1_date_2019-08-31lev_tests_generic_ignore_scores
0.7985795454545456,0.7918986489070385,0.7727272727272727,cry,276,138,138,26,0.2,5,5,5,20,SVC,None,experiment_1_date_2019-08-31lev_tests_generic_ignore_scores
0.66484375,0.7353244111596515,0.975,cry,100,50,50,26,0.2,5,5,5,20,SVC,None,experiment_1_date_2019-08-31lev_tests_generic_ignore_scores
0.6984375,0.7709621377117941,1.0,cry,150,75,75,26,0.2,5,5,5,20,SVC,None,experiment_1_date_2019-08-31lev_tests_generic_ignore_scores
0.7011718750000001,0.7721297723497272,1.0,cry,200,100,100,26,0.2,5,5,5,20,SVC,None,experiment_1_date_2019-08-31lev_tests_generic_ignore_scores
0.7215624999999999,0.78346213980996,1.0,cry,250,125,125,26,0.2,5,5,5,20,SVC,None,experiment_1_date_2019-08-31lev_tests_generic_ignore_scores
0.7130681818181819,0.7783282235102328,1.0,cry,276,138,138,26,0.2,5,5,5,20,SVC,None,experiment_1_date_2019-08-31lev_tests_generic_ignore_scores
0.8265625000000001,0.8207731850407933,0.8203125,cry,100,50,50,26,0.2,5,5,5,20,GaussianProcessClassifier,None,experiment_1_date_2019-08-31lev_tests_generic_ignore_scores
0.8447916666666667,0.839466047565876,0.8208333333333333,cry,150,75,75,26,0.2,5,5,5,20,GaussianProcessClassifier,None,experiment_1_date_2019-08-31lev_tests_generic_ignore_scores
0.822265625,0.8190151452639324,0.8140625,cry,200,100,100,26,0.2,5,5,5,20,GaussianProcessClassifier,None,experiment_1_date_2019-08-31lev_tests_generic_ignore_scores
0.8468749999999999,0.8438911057719359,0.83375,cry,250,125,125,26,0.2,5,5,5,20,GaussianProcessClassifier,None,experiment_1_date_2019-08-31lev_tests_generic_ignore_scores
0.8772727272727272,0.8764822173321241,0.8732954545454545,cry,276,138,138,26,0.2,5,5,5,20,GaussianProcessClassifier,None,experiment_1_date_2019-08-31lev_tests_generic_ignore_scores
0.7265625,0.7209705908341744,0.7265625,cry,100,50,50,26,0.2,5,5,5,20,DecisionTreeClassifier,None,experiment_1_date_2019-08-31lev_tests_generic_ignore_scores
0.7520833333333334,0.7499087917125675,0.7520833333333333,cry,150,75,75,26,0.2,5,5,5,20,DecisionTreeClassifier,None,experiment_1_date_2019-08-31lev_tests_generic_ignore_scores
0.755078125,0.7556521167268893,0.76015625,cry,200,100,100,26,0.2,5,5,5,20,DecisionTreeClassifier,None,experiment_1_date_2019-08-31lev_tests_generic_ignore_scores
0.7878125,0.7838825820607113,0.775625,cry,250,125,125,26,0.2,5,5,5,20,DecisionTreeClassifier,None,experiment_1_date_2019-08-31lev_tests_generic_ignore_scores
0.8014204545454546,0.8032612256098862,0.8142045454545455,cry,276,138,138,26,0.2,5,5,5,20,DecisionTreeClassifier,None,experiment_1_date_2019-08-31lev_tests_generic_ignore_scores
0.74140625,0.709404884331355,0.6640625,cry,100,50,50,26,0.2,5,5,5,20,RandomForestClassifier,None,experiment_1_date_2019-08-31lev_tests_generic_ignore_scores
0.7557291666666668,0.7444532466537614,0.7291666666666667,cry,150,75,75,26,0.2,5,5,5,20,RandomForestClassifier,None,experiment_1_date_2019-08-31lev_tests_generic_ignore_scores
0.78125,0.7682697427976906,0.740625,cry,200,100,100,26,0.2,5,5,5,20,RandomForestClassifier,None,experiment_1_date_2019-08-31lev_tests_generic_ignore_scores
0.7940624999999999,0.7874542730738624,0.770625,cry,250,125,125,26,0.2,5,5,5,20,RandomForestClassifier,None,experiment_1_date_2019-08-31lev_tests_generic_ignore_scores
0.8178977272727274,0.8092501031238618,0.7823863636363637,cry,276,138,138,26,0.2,5,5,5,20,RandomForestClassifier,None,experiment_1_date_2019-08-31lev_tests_generic_ignore_scores
0.7468750000000001,0.7530669903067349,0.7687499999999999,cry,100,50,50,26,0.2,5,5,5,20,GaussianNB,None,experiment_1_date_2019-08-31lev_tests_generic_ignore_scores
0.7692708333333333,0.7704318597228543,0.7833333333333332,cry,150,75,75,26,0.2,5,5,5,20,GaussianNB,None,experiment_1_date_2019-08-31lev_tests_generic_ignore_scores
0.73828125,0.7458642903595971,0.7718750000000001,cry,200,100,100,26,0.2,5,5,5,20,GaussianNB,None,experiment_1_date_2019-08-31lev_tests_generic_ignore_scores
0.7778125,0.7652627124504323,0.736875,cry,250,125,125,26,0.2,5,5,5,20,GaussianNB,None,experiment_1_date_2019-08-31lev_tests_generic_ignore_scores
0.7482954545454545,0.7456134408364404,0.740909090909091,cry,276,138,138,26,0.2,5,5,5,20,GaussianNB,None,experiment_1_date_2019-08-31lev_tests_generic_ignore_scores
0.7328125,0.7318691359809781,0.7390625,cry,100,50,50,26,0.2,5,5,5,20,AdaBoostClassifier,None,experiment_1_date_2019-08-31lev_tests_generic_ignore_scores
0.7822916666666666,0.7805903580380125,0.7833333333333334,cry,150,75,75,26,0.2,5,5,5,20,AdaBoostClassifier,None,experiment_1_date_2019-08-31lev_tests_generic_ignore_scores
0.787109375,0.7845015406112298,0.77890625,cry,200,100,100,26,0.2,5,5,5,20,AdaBoostClassifier,None,experiment_1_date_2019-08-31lev_tests_generic_ignore_scores
0.809375,0.8059039594731795,0.801875,cry,250,125,125,26,0.2,5,5,5,20,AdaBoostClassifier,None,experiment_1_date_2019-08-31lev_tests_generic_ignore_scores
0.8335227272727272,0.8318100626558149,0.8289772727272728,cry,276,138,138,26,0.2,5,5,5,20,AdaBoostClassifier,None,experiment_1_date_2019-08-31lev_tests_generic_ignore_scores
0.81953125,0.8160037100197703,0.8171875,cry,100,50,50,26,0.2,5,5,5,20,MLPClassifier,None,experiment_1_date_2019-08-31lev_tests_generic_ignore_scores
0.8276041666666667,0.8256820230896317,0.825,cry,150,75,75,26,0.2,5,5,5,20,MLPClassifier,None,experiment_1_date_2019-08-31lev_tests_generic_ignore_scores
0.841015625,0.8412430406626379,0.84296875,cry,200,100,100,26,0.2,5,5,5,20,MLPClassifier,None,experiment_1_date_2019-08-31lev_tests_generic_ignore_scores
0.8471875,0.8467194199937238,0.8450000000000001,cry,250,125,125,26,0.2,5,5,5,20,MLPClassifier,None,experiment_1_date_2019-08-31lev_tests_generic_ignore_scores
0.8431818181818181,0.8415351760573861,0.8386363636363637,cry,276,138,138,26,0.2,5,5,5,20,MLPClassifier,None,experiment_1_date_2019-08-31lev_tests_generic_ignore_scores
0.8127840909090909,0.8195158270431139,0.8477272727272729,cry,276,138,138,7,0.2,5,5,5,1,Sequential,model_layers=5,experiment_2_date_2019-08-31lev_tests_generic_ignore_scores
0.7664772727272726,0.763701006319524,0.7630681818181818,cry,276,138,138,7,0.2,5,5,5,1,Id3Estimator,None,experiment_2_date_2019-08-31lev_tests_generic_ignore_scores
0.8025568181818181,0.8071983680101427,0.8301136363636363,cry,276,138,138,7,0.2,5,5,5,1,KNeighborsClassifier,None,experiment_2_date_2019-08-31lev_tests_generic_ignore_scores
0.7346590909090909,0.7261178582999671,0.7113636363636364,cry,276,138,138,7,0.2,5,5,5,1,SVC,None,experiment_2_date_2019-08-31lev_tests_generic_ignore_scores
0.7997159090909091,0.8063915132424345,0.8380681818181819,cry,276,138,138,7,0.2,5,5,5,1,SVC,None,experiment_2_date_2019-08-31lev_tests_generic_ignore_scores
0.8028409090909091,0.8035814396964915,0.809090909090909,cry,276,138,138,7,0.2,5,5,5,1,GaussianProcessClassifier,None,experiment_2_date_2019-08-31lev_tests_generic_ignore_scores
0.7542613636363636,0.7546757703082336,0.7596590909090908,cry,276,138,138,7,0.2,5,5,5,1,DecisionTreeClassifier,None,experiment_2_date_2019-08-31lev_tests_generic_ignore_scores
0.7889204545454546,0.782188540834491,0.7647727272727273,cry,276,138,138,7,0.2,5,5,5,1,RandomForestClassifier,None,experiment_2_date_2019-08-31lev_tests_generic_ignore_scores
0.640625,0.6446965501776106,0.6613636363636364,cry,276,138,138,7,0.2,5,5,5,1,GaussianNB,None,experiment_2_date_2019-08-31lev_tests_generic_ignore_scores
0.753125,0.7486236262863546,0.7375,cry,276,138,138,7,0.2,5,5,5,1,AdaBoostClassifier,None,experiment_2_date_2019-08-31lev_tests_generic_ignore_scores
0.7798295454545454,0.7804475743904051,0.7897727272727273,cry,276,138,138,7,0.2,5,5,5,1,MLPClassifier,None,experiment_2_date_2019-08-31lev_tests_generic_ignore_scores
0.8255681818181819,0.8181251127309854,0.7914772727272728,cry,276,138,138,7,0.2,5,5,5,1,Sequential,model_layers=5,experiment_2_date_2019-09-01lev_tests_generic_ignore_scores
0.7596590909090909,0.75854805206319,0.7625,cry,276,138,138,7,0.2,5,5,5,1,Id3Estimator,None,experiment_2_date_2019-09-01lev_tests_generic_ignore_scores
0.7926136363636364,0.7957731165530302,0.8102272727272728,cry,276,138,138,7,0.2,5,5,5,1,KNeighborsClassifier,None,experiment_2_date_2019-09-01lev_tests_generic_ignore_scores
0.7170454545454545,0.7056996005320111,0.6857954545454545,cry,276,138,138,7,0.2,5,5,5,1,SVC,None,experiment_2_date_2019-09-01lev_tests_generic_ignore_scores
0.8161931818181818,0.8115123769313382,0.7965909090909091,cry,276,138,138,7,0.2,5,5,5,1,SVC,None,experiment_2_date_2019-09-01lev_tests_generic_ignore_scores
0.7954545454545454,0.7994478741126844,0.8170454545454546,cry,276,138,138,7,0.2,5,5,5,1,GaussianProcessClassifier,None,experiment_2_date_2019-09-01lev_tests_generic_ignore_scores
0.7599431818181817,0.7594005032674472,0.7630681818181817,cry,276,138,138,7,0.2,5,5,5,1,DecisionTreeClassifier,None,experiment_2_date_2019-09-01lev_tests_generic_ignore_scores
0.7923295454545454,0.7840200440055503,0.759659090909091,cry,276,138,138,7,0.2,5,5,5,1,RandomForestClassifier,None,experiment_2_date_2019-09-01lev_tests_generic_ignore_scores
0.6548295454545454,0.638661006927794,0.6301136363636364,cry,276,138,138,7,0.2,5,5,5,1,GaussianNB,None,experiment_2_date_2019-09-01lev_tests_generic_ignore_scores
0.7363636363636363,0.7318618195122684,0.7232954545454545,cry,276,138,138,7,0.2,5,5,5,1,AdaBoostClassifier,None,experiment_2_date_2019-09-01lev_tests_generic_ignore_scores
0.7857954545454544,0.7854544955973234,0.7886363636363637,cry,276,138,138,7,0.2,5,5,5,1,MLPClassifier,None,experiment_2_date_2019-09-01lev_tests_generic_ignore_scores
0.8519886363636363,0.8580625582927413,0.8909090909090909,cry,276,138,138,11,0.2,5,5,5,5,Sequential,model_layers=5,experiment_2_date_2019-09-01lev_tests_generic_ignore_scores
0.7696022727272728,0.7694810628441842,0.7761363636363636,cry,276,138,138,11,0.2,5,5,5,5,Id3Estimator,None,experiment_2_date_2019-09-01lev_tests_generic_ignore_scores
0.815625,0.8206837159735677,0.8431818181818183,cry,276,138,138,11,0.2,5,5,5,5,KNeighborsClassifier,None,experiment_2_date_2019-09-01lev_tests_generic_ignore_scores
0.721875,0.708182399549532,0.6806818181818182,cry,276,138,138,11,0.2,5,5,5,5,SVC,None,experiment_2_date_2019-09-01lev_tests_generic_ignore_scores
0.8017045454545454,0.8301393666811154,0.9573863636363638,cry,276,138,138,11,0.2,5,5,5,5,SVC,None,experiment_2_date_2019-09-01lev_tests_generic_ignore_scores
0.8178977272727274,0.8211255083650508,0.8375,cry,276,138,138,11,0.2,5,5,5,5,GaussianProcessClassifier,None,experiment_2_date_2019-09-01lev_tests_generic_ignore_scores
0.7775568181818182,0.7797702654146162,0.7971590909090909,cry,276,138,138,11,0.2,5,5,5,5,DecisionTreeClassifier,None,experiment_2_date_2019-09-01lev_tests_generic_ignore_scores
0.7852272727272727,0.7781623352987194,0.7590909090909091,cry,276,138,138,11,0.2,5,5,5,5,RandomForestClassifier,None,experiment_2_date_2019-09-01lev_tests_generic_ignore_scores
0.625,0.661013905408772,0.7426136363636363,cry,276,138,138,11,0.2,5,5,5,5,GaussianNB,None,experiment_2_date_2019-09-01lev_tests_generic_ignore_scores
0.790909090909091,0.7910815247503833,0.7948863636363637,cry,276,138,138,11,0.2,5,5,5,5,AdaBoostClassifier,None,experiment_2_date_2019-09-01lev_tests_generic_ignore_scores
0.7957386363636363,0.7936179351005157,0.7840909090909091,cry,276,138,138,11,0.2,5,5,5,5,MLPClassifier,None,experiment_2_date_2019-09-01lev_tests_generic_ignore_scores
0.8829545454545454,0.8835753869008803,0.8829545454545455,cry,276,138,138,16,0.2,5,5,5,10,Sequential,model_layers=5,experiment_2_date_2019-09-01lev_tests_generic_ignore_scores
0.78125,0.7797289604606695,0.7784090909090909,cry,276,138,138,16,0.2,5,5,5,10,Id3Estimator,None,experiment_2_date_2019-09-01lev_tests_generic_ignore_scores
0.8431818181818181,0.8424709557353711,0.8414772727272728,cry,276,138,138,16,0.2,5,5,5,10,KNeighborsClassifier,None,experiment_2_date_2019-09-01lev_tests_generic_ignore_scores
0.7403409090909091,0.7312121153345692,0.7136363636363636,cry,276,138,138,16,0.2,5,5,5,10,SVC,None,experiment_2_date_2019-09-01lev_tests_generic_ignore_scores
0.7755681818181819,0.8188721343070295,1.0,cry,276,138,138,16,0.2,5,5,5,10,SVC,None,experiment_2_date_2019-09-01lev_tests_generic_ignore_scores
0.8383522727272726,0.8400802586016713,0.8482954545454545,cry,276,138,138,16,0.2,5,5,5,10,GaussianProcessClassifier,None,experiment_2_date_2019-09-01lev_tests_generic_ignore_scores
0.7829545454545455,0.7829823075873383,0.7857954545454544,cry,276,138,138,16,0.2,5,5,5,10,DecisionTreeClassifier,None,experiment_2_date_2019-09-01lev_tests_generic_ignore_scores
0.7693181818181819,0.7566140909505531,0.7272727272727273,cry,276,138,138,16,0.2,5,5,5,10,RandomForestClassifier,None,experiment_2_date_2019-09-01lev_tests_generic_ignore_scores
0.6582386363636363,0.6408234140598843,0.6164772727272727,cry,276,138,138,16,0.2,5,5,5,10,GaussianNB,None,experiment_2_date_2019-09-01lev_tests_generic_ignore_scores
0.7937500000000001,0.7921994940122645,0.7914772727272728,cry,276,138,138,16,0.2,5,5,5,10,AdaBoostClassifier,None,experiment_2_date_2019-09-01lev_tests_generic_ignore_scores
0.8147727272727273,0.815159050513266,0.8198863636363636,cry,276,138,138,16,0.2,5,5,5,10,MLPClassifier,None,experiment_2_date_2019-09-01lev_tests_generic_ignore_scores
0.8954545454545455,0.8983894996667027,0.9170454545454545,cry,276,138,138,18,0.2,5,5,5,12,Sequential,model_layers=5,experiment_2_date_2019-09-01lev_tests_generic_ignore_scores
0.8085227272727273,0.8076755268958793,0.8085227272727273,cry,276,138,138,18,0.2,5,5,5,12,Id3Estimator,None,experiment_2_date_2019-09-01lev_tests_generic_ignore_scores
0.8321022727272727,0.8295097095580442,0.822159090909091,cry,276,138,138,18,0.2,5,5,5,12,KNeighborsClassifier,None,experiment_2_date_2019-09-01lev_tests_generic_ignore_scores
0.7383522727272727,0.7251274491961378,0.6971590909090909,cry,276,138,138,18,0.2,5,5,5,12,SVC,None,experiment_2_date_2019-09-01lev_tests_generic_ignore_scores
0.7534090909090909,0.8037942927224231,1.0,cry,276,138,138,18,0.2,5,5,5,12,SVC,None,experiment_2_date_2019-09-01lev_tests_generic_ignore_scores
0.8494318181818181,0.8481287050477234,0.8471590909090908,cry,276,138,138,18,0.2,5,5,5,12,GaussianProcessClassifier,None,experiment_2_date_2019-09-01lev_tests_generic_ignore_scores
0.8301136363636366,0.8293232639744744,0.825,cry,276,138,138,18,0.2,5,5,5,12,DecisionTreeClassifier,None,experiment_2_date_2019-09-01lev_tests_generic_ignore_scores
0.7994318181818182,0.790283812737907,0.7619318181818182,cry,276,138,138,18,0.2,5,5,5,12,RandomForestClassifier,None,experiment_2_date_2019-09-01lev_tests_generic_ignore_scores
0.6821022727272728,0.6819122812341691,0.6818181818181819,cry,276,138,138,18,0.2,5,5,5,12,GaussianNB,None,experiment_2_date_2019-09-01lev_tests_generic_ignore_scores
0.8000000000000002,0.7996889389940328,0.8011363636363636,cry,276,138,138,18,0.2,5,5,5,12,AdaBoostClassifier,None,experiment_2_date_2019-09-01lev_tests_generic_ignore_scores
0.8139204545454546,0.8091297252298594,0.7960227272727273,cry,276,138,138,18,0.2,5,5,5,12,MLPClassifier,None,experiment_2_date_2019-09-01lev_tests_generic_ignore_scores
0.9034090909090908,0.9076738167937862,0.9380681818181819,cry,276,138,138,21,0.2,5,5,5,15,Sequential,model_layers=5,experiment_2_date_2019-09-01lev_tests_generic_ignore_scores
0.765625,0.7625833998475866,0.7596590909090909,cry,276,138,138,21,0.2,5,5,5,15,Id3Estimator,None,experiment_2_date_2019-09-01lev_tests_generic_ignore_scores
0.8349431818181818,0.8302351298035654,0.8107954545454545,cry,276,138,138,21,0.2,5,5,5,15,KNeighborsClassifier,None,experiment_2_date_2019-09-01lev_tests_generic_ignore_scores
0.778125,0.765593969211239,0.7323863636363637,cry,276,138,138,21,0.2,5,5,5,15,SVC,None,experiment_2_date_2019-09-01lev_tests_generic_ignore_scores
0.7485795454545454,0.8005717555471692,0.9988636363636364,cry,276,138,138,21,0.2,5,5,5,15,SVC,None,experiment_2_date_2019-09-01lev_tests_generic_ignore_scores
0.8511363636363636,0.8510350124339758,0.8517045454545455,cry,276,138,138,21,0.2,5,5,5,15,GaussianProcessClassifier,None,experiment_2_date_2019-09-01lev_tests_generic_ignore_scores
0.7792613636363637,0.7777120903019251,0.778409090909091,cry,276,138,138,21,0.2,5,5,5,15,DecisionTreeClassifier,None,experiment_2_date_2019-09-01lev_tests_generic_ignore_scores
0.8193181818181818,0.8135726773808583,0.7943181818181819,cry,276,138,138,21,0.2,5,5,5,15,RandomForestClassifier,None,experiment_2_date_2019-09-01lev_tests_generic_ignore_scores
0.7457386363636362,0.7382475280821843,0.7204545454545456,cry,276,138,138,21,0.2,5,5,5,15,GaussianNB,None,experiment_2_date_2019-09-01lev_tests_generic_ignore_scores
0.8130681818181817,0.8133998025855698,0.8176136363636364,cry,276,138,138,21,0.2,5,5,5,15,AdaBoostClassifier,None,experiment_2_date_2019-09-01lev_tests_generic_ignore_scores
0.8639204545454545,0.8611824780321127,0.8482954545454546,cry,276,138,138,21,0.2,5,5,5,15,MLPClassifier,None,experiment_2_date_2019-09-01lev_tests_generic_ignore_scores
0.9267045454545454,0.9296300350652211,0.9590909090909092,cry,276,138,138,26,0.2,5,5,5,20,Sequential,model_layers=5,experiment_2_date_2019-09-01lev_tests_generic_ignore_scores
0.7622159090909091,0.7637462812839302,0.7749999999999999,cry,276,138,138,26,0.2,5,5,5,20,Id3Estimator,None,experiment_2_date_2019-09-01lev_tests_generic_ignore_scores
0.8414772727272728,0.8346042780255936,0.8051136363636364,cry,276,138,138,26,0.2,5,5,5,20,KNeighborsClassifier,None,experiment_2_date_2019-09-01lev_tests_generic_ignore_scores
0.7954545454545454,0.7861955841712023,0.7590909090909091,cry,276,138,138,26,0.2,5,5,5,20,SVC,None,experiment_2_date_2019-09-01lev_tests_generic_ignore_scores
0.728409090909091,0.7878665423265345,1.0,cry,276,138,138,26,0.2,5,5,5,20,SVC,None,experiment_2_date_2019-09-01lev_tests_generic_ignore_scores
0.8576704545454545,0.8556732208897536,0.8494318181818181,cry,276,138,138,26,0.2,5,5,5,20,GaussianProcessClassifier,None,experiment_2_date_2019-09-01lev_tests_generic_ignore_scores
0.7809659090909091,0.7787577747962403,0.7812500000000001,cry,276,138,138,26,0.2,5,5,5,20,DecisionTreeClassifier,None,experiment_2_date_2019-09-01lev_tests_generic_ignore_scores
0.8147727272727273,0.8065889830780831,0.7789772727272728,cry,276,138,138,26,0.2,5,5,5,20,RandomForestClassifier,None,experiment_2_date_2019-09-01lev_tests_generic_ignore_scores
0.7193181818181817,0.7141797559522065,0.7011363636363637,cry,276,138,138,26,0.2,5,5,5,20,GaussianNB,None,experiment_2_date_2019-09-01lev_tests_generic_ignore_scores
0.8107954545454545,0.8129683191321572,0.8232954545454545,cry,276,138,138,26,0.2,5,5,5,20,AdaBoostClassifier,None,experiment_2_date_2019-09-01lev_tests_generic_ignore_scores
0.8434659090909091,0.8410310682796842,0.8323863636363635,cry,276,138,138,26,0.2,5,5,5,20,MLPClassifier,None,experiment_2_date_2019-09-01lev_tests_generic_ignore_scores
0.9210227272727273,0.9214685441211569,0.9232954545454546,cry,276,138,138,31,0.2,5,5,5,25,Sequential,model_layers=5,experiment_2_date_2019-09-01lev_tests_generic_ignore_scores
0.8051136363636363,0.8035192564010847,0.8056818181818182,cry,276,138,138,31,0.2,5,5,5,25,Id3Estimator,None,experiment_2_date_2019-09-01lev_tests_generic_ignore_scores
0.8474431818181818,0.8421426258978512,0.8204545454545455,cry,276,138,138,31,0.2,5,5,5,25,KNeighborsClassifier,None,experiment_2_date_2019-09-01lev_tests_generic_ignore_scores
0.7943181818181818,0.7893673099440411,0.7738636363636364,cry,276,138,138,31,0.2,5,5,5,25,SVC,None,experiment_2_date_2019-09-01lev_tests_generic_ignore_scores
0.702840909090909,0.7720735199226357,1.0,cry,276,138,138,31,0.2,5,5,5,25,SVC,None,experiment_2_date_2019-09-01lev_tests_generic_ignore_scores
0.8517045454545454,0.850901769000876,0.8494318181818181,cry,276,138,138,31,0.2,5,5,5,25,GaussianProcessClassifier,None,experiment_2_date_2019-09-01lev_tests_generic_ignore_scores
0.7948863636363636,0.7931741548387277,0.7948863636363636,cry,276,138,138,31,0.2,5,5,5,25,DecisionTreeClassifier,None,experiment_2_date_2019-09-01lev_tests_generic_ignore_scores
0.8022727272727272,0.7948612018895973,0.7755681818181819,cry,276,138,138,31,0.2,5,5,5,25,RandomForestClassifier,None,experiment_2_date_2019-09-01lev_tests_generic_ignore_scores
0.7730113636363636,0.7637595137361108,0.7431818181818182,cry,276,138,138,31,0.2,5,5,5,25,GaussianNB,None,experiment_2_date_2019-09-01lev_tests_generic_ignore_scores
0.8090909090909091,0.8095699905608077,0.8159090909090909,cry,276,138,138,31,0.2,5,5,5,25,AdaBoostClassifier,None,experiment_2_date_2019-09-01lev_tests_generic_ignore_scores
0.8400568181818182,0.8406179181906233,0.8460227272727273,cry,276,138,138,31,0.2,5,5,5,25,MLPClassifier,None,experiment_2_date_2019-09-01lev_tests_generic_ignore_scores
0.8701704545454545,0.8795437871963488,0.9295454545454546,cry,276,138,138,36,0.2,5,5,5,30,Sequential,model_layers=5,experiment_2_date_2019-09-01lev_tests_generic_ignore_scores
0.7741477272727273,0.771011846898005,0.7676136363636363,cry,276,138,138,36,0.2,5,5,5,30,Id3Estimator,None,experiment_2_date_2019-09-01lev_tests_generic_ignore_scores
0.840625,0.833838008781693,0.8051136363636364,cry,276,138,138,36,0.2,5,5,5,30,KNeighborsClassifier,None,experiment_2_date_2019-09-01lev_tests_generic_ignore_scores
0.8017045454545455,0.7981400468890316,0.7863636363636364,cry,276,138,138,36,0.2,5,5,5,30,SVC,None,experiment_2_date_2019-09-01lev_tests_generic_ignore_scores
0.696875,0.7687165968025658,1.0,cry,276,138,138,36,0.2,5,5,5,30,SVC,None,experiment_2_date_2019-09-01lev_tests_generic_ignore_scores
0.8397727272727272,0.8391384401155502,0.8403409090909091,cry,276,138,138,36,0.2,5,5,5,30,GaussianProcessClassifier,None,experiment_2_date_2019-09-01lev_tests_generic_ignore_scores
0.7860795454545455,0.7860693508215904,0.7886363636363636,cry,276,138,138,36,0.2,5,5,5,30,DecisionTreeClassifier,None,experiment_2_date_2019-09-01lev_tests_generic_ignore_scores
0.7900568181818182,0.7810314582138238,0.7590909090909093,cry,276,138,138,36,0.2,5,5,5,30,RandomForestClassifier,None,experiment_2_date_2019-09-01lev_tests_generic_ignore_scores
0.772159090909091,0.7732710102043867,0.7801136363636363,cry,276,138,138,36,0.2,5,5,5,30,GaussianNB,None,experiment_2_date_2019-09-01lev_tests_generic_ignore_scores
0.7911931818181818,0.7927691018440803,0.8056818181818182,cry,276,138,138,36,0.2,5,5,5,30,AdaBoostClassifier,None,experiment_2_date_2019-09-01lev_tests_generic_ignore_scores
0.8355113636363636,0.836870348245355,0.8414772727272728,cry,276,138,138,36,0.2,5,5,5,30,MLPClassifier,None,experiment_2_date_2019-09-01lev_tests_generic_ignore_scores
0.9150568181818182,0.9182699375244348,0.9448863636363637,cry,276,138,138,41,0.2,5,5,5,35,Sequential,model_layers=5,experiment_2_date_2019-09-01lev_tests_generic_ignore_scores
0.7843749999999999,0.7846913555802252,0.7897727272727273,cry,276,138,138,41,0.2,5,5,5,35,Id3Estimator,None,experiment_2_date_2019-09-01lev_tests_generic_ignore_scores
0.8488636363636364,0.8438115054135081,0.8210227272727273,cry,276,138,138,41,0.2,5,5,5,35,KNeighborsClassifier,None,experiment_2_date_2019-09-01lev_tests_generic_ignore_scores
0.8198863636363637,0.8169138061097276,0.806818181818182,cry,276,138,138,41,0.2,5,5,5,35,SVC,None,experiment_2_date_2019-09-01lev_tests_generic_ignore_scores
0.6730113636363637,0.7546413795944499,1.0,cry,276,138,138,41,0.2,5,5,5,35,SVC,None,experiment_2_date_2019-09-01lev_tests_generic_ignore_scores
0.8352272727272727,0.8366366915563762,0.8431818181818181,cry,276,138,138,41,0.2,5,5,5,35,GaussianProcessClassifier,None,experiment_2_date_2019-09-01lev_tests_generic_ignore_scores
0.765909090909091,0.7625200052633847,0.7602272727272728,cry,276,138,138,41,0.2,5,5,5,35,DecisionTreeClassifier,None,experiment_2_date_2019-09-01lev_tests_generic_ignore_scores
0.815625,0.8105344144864046,0.7954545454545454,cry,276,138,138,41,0.2,5,5,5,35,RandomForestClassifier,None,experiment_2_date_2019-09-01lev_tests_generic_ignore_scores
0.7769886363636362,0.7701561347062269,0.7522727272727273,cry,276,138,138,41,0.2,5,5,5,35,GaussianNB,None,experiment_2_date_2019-09-01lev_tests_generic_ignore_scores
0.7951704545454545,0.7955960777802324,0.8011363636363636,cry,276,138,138,41,0.2,5,5,5,35,AdaBoostClassifier,None,experiment_2_date_2019-09-01lev_tests_generic_ignore_scores
0.8468749999999999,0.8484233408806001,0.8568181818181818,cry,276,138,138,41,0.2,5,5,5,35,MLPClassifier,None,experiment_2_date_2019-09-01lev_tests_generic_ignore_scores
0.8968750000000001,0.9041218857734665,0.9579545454545455,cry,276,138,138,46,0.2,5,5,5,40,Sequential,model_layers=5,experiment_2_date_2019-09-01lev_tests_generic_ignore_scores
0.7877840909090909,0.7865535578841603,0.7852272727272728,cry,276,138,138,46,0.2,5,5,5,40,Id3Estimator,None,experiment_2_date_2019-09-01lev_tests_generic_ignore_scores
0.8508522727272726,0.8437878698113963,0.8130681818181819,cry,276,138,138,46,0.2,5,5,5,40,KNeighborsClassifier,None,experiment_2_date_2019-09-01lev_tests_generic_ignore_scores
0.8045454545454545,0.8057491380009429,0.8130681818181819,cry,276,138,138,46,0.2,5,5,5,40,SVC,None,experiment_2_date_2019-09-01lev_tests_generic_ignore_scores
0.6400568181818183,0.7363039241109507,1.0,cry,276,138,138,46,0.2,5,5,5,40,SVC,None,experiment_2_date_2019-09-01lev_tests_generic_ignore_scores
0.8491477272727274,0.8488167971690996,0.85,cry,276,138,138,46,0.2,5,5,5,40,GaussianProcessClassifier,None,experiment_2_date_2019-09-01lev_tests_generic_ignore_scores
0.7596590909090908,0.7610226817665368,0.7704545454545454,cry,276,138,138,46,0.2,5,5,5,40,DecisionTreeClassifier,None,experiment_2_date_2019-09-01lev_tests_generic_ignore_scores
0.8036931818181818,0.7986342791427304,0.7840909090909092,cry,276,138,138,46,0.2,5,5,5,40,RandomForestClassifier,None,experiment_2_date_2019-09-01lev_tests_generic_ignore_scores
0.7681818181818181,0.7709259182731685,0.7852272727272728,cry,276,138,138,46,0.2,5,5,5,40,GaussianNB,None,experiment_2_date_2019-09-01lev_tests_generic_ignore_scores
0.7954545454545455,0.7953473851742636,0.7988636363636363,cry,276,138,138,46,0.2,5,5,5,40,AdaBoostClassifier,None,experiment_2_date_2019-09-01lev_tests_generic_ignore_scores
0.8602272727272728,0.8600371004201186,0.8613636363636363,cry,276,138,138,46,0.2,5,5,5,40,MLPClassifier,None,experiment_2_date_2019-09-01lev_tests_generic_ignore_scores
